category,season,markdown_percentage,current_price,customer_rating,is_returned,devuelto_num,ingreso_neto
Outerwear,Spring,0.0,196.01,3.0,False,0,196.01
Tops,Winter,0.0,119.64,2.5,False,0,119.64
Accessories,Winter,0.0,33.8,4.3,False,0,33.8
Shoes,Spring,0.0,75.36,2.6,False,0,75.36
Accessories,Fall,35.4,22.63,2.9,True,1,0.0
Bottoms,Spring,54.5,24.49,2.6,False,0,24.49
Dresses,Winter,22.1,71.32,1.6,False,0,71.32
Tops,Spring,0.0,116.84,4.4,False,0,116.84
Shoes,Winter,0.0,146.98,3.4,False,0,146.98
Dresses,Fall,0.0,48.15,1.6,False,0,48.15
Tops,Winter,0.0,79.66,1.7,False,0,79.66
Accessories,Winter,0.0,67.57,2.4,False,0,67.57
Shoes,Summer,0.0,123.53,4.6,False,0,123.53
Tops,Winter,0.0,102.35,3.5,False,0,102.35
Outerwear,Summer,58.5,57.25,4.1,False,0,57.25
Outerwear,Summer,0.0,142.59,3.7,False,0,142.59
Accessories,Spring,0.0,62.3,2.5,False,0,62.3
Accessories,Winter,0.0,38.48,1.2,False,0,38.48
Dresses,Summer,0.0,91.36,1.2,True,1,0.0
Tops,Fall,29.1,57.05,3.6,False,0,57.05
Bottoms,Spring,34.0,26.99,3.7,False,0,26.99
Bottoms,Summer,36.0,30.11,1.1,True,1,0.0
Bottoms,Summer,0.0,53.37,3.8,False,0,53.37
Dresses,Summer,0.0,114.35,1.2,False,0,114.35
Shoes,Summer,0.0,71.29,4.1,True,1,0.0
Shoes,Spring,0.0,143.78,1.1,False,0,143.78
Tops,Summer,0.0,88.23,1.6,False,0,88.23
Accessories,Fall,0.0,58.57,1.5,False,0,58.57
Tops,Winter,5.7,112.88,4.9,False,0,112.88
Bottoms,Fall,47.8,50.67,4.1,False,0,50.67
Dresses,Summer,0.0,110.09,3.4,False,0,110.09
Tops,Summer,0.0,78.86,4.3,False,0,78.86
Outerwear,Winter,51.4,105.05,4.0,False,0,105.05
Shoes,Spring,0.0,129.85,3.3,False,0,129.85
Tops,Winter,0.0,111.3,1.7,False,0,111.3
Dresses,Summer,0.0,73.65,3.6,False,0,73.65
Shoes,Summer,30.3,102.55,4.4,False,0,102.55
Accessories,Winter,53.9,20.56,2.4,False,0,20.56
Bottoms,Summer,0.0,101.8,2.8,False,0,101.8
Bottoms,Fall,0.0,50.91,1.8,False,0,50.91
Outerwear,Spring,0.0,222.26,4.5,False,0,222.26
Shoes,Summer,57.1,44.68,1.8,False,0,44.68
Outerwear,Spring,0.0,166.76,4.2,False,0,166.76
Accessories,Fall,50.9,21.67,3.0,False,0,21.67
Tops,Spring,0.0,73.71,3.9,True,1,0.0
Bottoms,Spring,26.3,61.96,2.3,True,1,0.0
Tops,Summer,0.0,28.59,1.4,False,0,28.59
Shoes,Summer,6.6,136.32,4.0,False,0,136.32
Outerwear,Fall,0.0,218.42,4.4,True,1,0.0
Accessories,Winter,1.1,45.66,1.9,False,0,45.66
Shoes,Summer,18.0,87.07,4.5,False,0,87.07
Tops,Winter,2.4,91.09,4.2,False,0,91.09
Bottoms,Spring,21.7,67.76,3.6,True,1,0.0
Accessories,Summer,0.0,55.57,3.8,False,0,55.57
Tops,Spring,0.0,76.5,4.6,False,0,76.5
Tops,Summer,19.8,39.23,2.6,False,0,39.23
Outerwear,Summer,55.2,99.5,4.5,False,0,99.5
Tops,Fall,0.0,112.86,2.9,False,0,112.86
Dresses,Spring,0.0,100.96,3.3,False,0,100.96
Outerwear,Spring,48.0,126.65,4.4,True,1,0.0
Dresses,Spring,0.0,153.32,2.9,False,0,153.32
Accessories,Fall,22.5,33.29,1.9,True,1,0.0
Tops,Summer,0.0,30.79,3.4,False,0,30.79
Accessories,Fall,0.0,59.85,4.0,False,0,59.85
Tops,Fall,19.1,91.55,4.9,False,0,91.55
Dresses,Winter,0.0,174.13,3.7,False,0,174.13
Bottoms,Winter,11.9,33.35,3.4,True,1,0.0
Dresses,Spring,0.0,136.97,4.4,True,1,0.0
Shoes,Spring,55.3,50.86,4.1,False,0,50.86
Bottoms,Summer,40.0,55.94,1.9,False,0,55.94
Shoes,Spring,6.4,99.44,1.5,False,0,99.44
Accessories,Winter,0.0,30.95,3.1,True,1,0.0
Shoes,Summer,49.5,38.84,1.1,False,0,38.84
Bottoms,Fall,52.4,15.45,3.9,False,0,15.45
Accessories,Summer,0.0,54.79,4.5,False,0,54.79
Bottoms,Winter,56.4,31.02,3.4,False,0,31.02
Bottoms,Summer,0.0,57.85,3.5,False,0,57.85
Bottoms,Summer,3.0,32.37,1.3,False,0,32.37
Tops,Summer,0.0,91.83,4.9,False,0,91.83
Bottoms,Fall,19.5,48.4,1.0,False,0,48.4
Dresses,Winter,0.0,163.5,4.9,False,0,163.5
Dresses,Spring,0.0,126.37,1.8,False,0,126.37
Bottoms,Winter,58.2,20.9,4.8,False,0,20.9
Shoes,Winter,0.0,84.31,3.9,False,0,84.31
Bottoms,Spring,0.0,100.98,2.8,False,0,100.98
Bottoms,Summer,0.0,38.02,4.7,False,0,38.02
Shoes,Fall,0.0,183.15,4.1,False,0,183.15
Dresses,Winter,59.5,36.86,3.9,False,0,36.86
Outerwear,Spring,0.0,92.83,1.2,False,0,92.83
Accessories,Winter,0.0,34.45,4.5,False,0,34.45
Dresses,Fall,50.0,64.08,3.2,False,0,64.08
Tops,Summer,33.8,65.95,2.1,False,0,65.95
Bottoms,Winter,25.5,65.11,2.3,False,0,65.11
Tops,Spring,0.0,49.67,2.3,False,0,49.67
Dresses,Spring,0.0,133.82,1.7,False,0,133.82
Outerwear,Spring,0.0,248.58,1.5,False,0,248.58
Shoes,Summer,10.9,101.16,2.8,False,0,101.16
Accessories,Winter,51.5,18.86,4.3,False,0,18.86
Dresses,Spring,45.9,28.68,3.7,False,0,28.68
Shoes,Spring,0.0,81.64,1.1,False,0,81.64
Shoes,Spring,21.5,98.31,2.9,False,0,98.31
Outerwear,Spring,0.0,98.61,2.6,False,0,98.61
Shoes,Fall,0.0,77.54,3.4,False,0,77.54
Dresses,Spring,0.0,79.13,3.6,False,0,79.13
Bottoms,Spring,0.0,96.11,4.2,False,0,96.11
Accessories,Winter,27.0,42.19,1.8,False,0,42.19
Tops,Spring,0.0,110.78,1.4,False,0,110.78
Tops,Spring,0.0,112.63,3.6,True,1,0.0
Tops,Summer,0.0,89.36,4.3,True,1,0.0
Bottoms,Winter,58.8,22.61,3.5,False,0,22.61
Shoes,Spring,0.0,154.13,4.1,True,1,0.0
Outerwear,Summer,0.0,133.26,1.3,False,0,133.26
Tops,Spring,0.0,102.99,3.9,False,0,102.99
Outerwear,Spring,45.3,48.02,1.8,False,0,48.02
Tops,Winter,15.8,77.3,4.2,False,0,77.3
Tops,Winter,25.4,80.06,4.4,False,0,80.06
Bottoms,Spring,57.3,28.9,4.6,False,0,28.9
Tops,Summer,46.0,36.78,2.5,False,0,36.78
Shoes,Spring,0.0,94.29,1.7,False,0,94.29
Tops,Winter,0.0,94.97,4.3,False,0,94.97
Shoes,Winter,11.4,58.36,3.9,False,0,58.36
Dresses,Winter,29.4,109.47,3.6,False,0,109.47
Outerwear,Winter,0.0,172.59,2.1,False,0,172.59
Dresses,Summer,0.0,68.72,1.7,True,1,0.0
Outerwear,Winter,28.3,79.1,3.3,False,0,79.1
Shoes,Summer,0.0,194.24,1.2,True,1,0.0
Shoes,Fall,0.0,175.91,2.8,False,0,175.91
Bottoms,Winter,0.0,79.34,4.4,False,0,79.34
Bottoms,Summer,0.0,111.88,4.5,False,0,111.88
Accessories,Spring,40.6,25.45,2.6,False,0,25.45
Bottoms,Spring,1.1,25.99,5.0,False,0,25.99
Accessories,Spring,0.0,23.11,1.4,False,0,23.11
Accessories,Spring,0.0,53.66,2.8,False,0,53.66
Accessories,Summer,18.0,57.16,4.2,True,1,0.0
Dresses,Fall,21.4,47.4,3.6,False,0,47.4
Shoes,Winter,0.0,113.58,4.9,True,1,0.0
Bottoms,Fall,1.7,53.93,2.5,False,0,53.93
Tops,Winter,0.0,92.25,2.8,True,1,0.0
Accessories,Winter,0.0,54.07,4.6,False,0,54.07
Shoes,Winter,0.0,104.4,3.4,False,0,104.4
Dresses,Spring,0.0,45.97,3.2,True,1,0.0
Tops,Summer,0.0,28.79,4.4,False,0,28.79
Outerwear,Winter,0.0,204.21,3.3,False,0,204.21
Tops,Winter,39.2,20.07,3.7,False,0,20.07
Accessories,Spring,39.8,28.66,1.3,False,0,28.66
Outerwear,Spring,0.0,137.16,3.2,False,0,137.16
Tops,Fall,0.0,108.49,3.3,False,0,108.49
Tops,Winter,0.0,106.49,4.0,False,0,106.49
Tops,Winter,0.0,114.86,1.1,False,0,114.86
Dresses,Fall,0.0,121.68,1.5,False,0,121.68
Bottoms,Summer,3.9,71.19,1.7,False,0,71.19
Tops,Summer,0.0,34.06,4.5,False,0,34.06
Dresses,Summer,0.0,173.42,4.2,False,0,173.42
Bottoms,Spring,0.0,66.51,2.1,False,0,66.51
Bottoms,Fall,7.1,67.3,1.8,False,0,67.3
Tops,Fall,0.0,81.2,1.5,False,0,81.2
Dresses,Winter,13.0,50.05,4.1,False,0,50.05
Shoes,Summer,0.0,142.58,4.8,True,1,0.0
Dresses,Fall,29.4,114.53,4.0,True,1,0.0
Shoes,Fall,42.7,93.06,4.8,False,0,93.06
Tops,Fall,57.5,32.92,4.0,False,0,32.92
Tops,Fall,56.1,45.4,4.7,False,0,45.4
Shoes,Summer,17.0,120.28,2.0,False,0,120.28
Shoes,Summer,23.9,70.83,3.5,True,1,0.0
Outerwear,Summer,0.0,119.96,1.1,False,0,119.96
Accessories,Summer,50.9,20.64,2.3,True,1,0.0
Accessories,Winter,0.0,54.45,2.7,False,0,54.45
Tops,Spring,36.4,42.58,1.9,True,1,0.0
Tops,Spring,8.8,106.67,1.6,False,0,106.67
Tops,Fall,0.0,111.14,1.6,False,0,111.14
Tops,Fall,0.0,59.6,2.1,False,0,59.6
Tops,Spring,0.0,82.94,1.5,False,0,82.94
Tops,Spring,0.0,99.71,1.4,False,0,99.71
Accessories,Fall,0.0,69.74,3.3,True,1,0.0
Bottoms,Summer,0.0,57.19,2.5,False,0,57.19
Tops,Summer,0.0,58.65,1.1,False,0,58.65
Outerwear,Fall,0.0,110.22,1.6,False,0,110.22
Bottoms,Winter,0.0,87.03,4.3,False,0,87.03
Dresses,Winter,18.4,131.05,3.0,False,0,131.05
Outerwear,Spring,0.0,167.02,2.6,True,1,0.0
Tops,Summer,0.0,26.09,4.6,True,1,0.0
Outerwear,Summer,0.0,246.65,2.9,True,1,0.0
Outerwear,Summer,0.0,206.91,2.3,False,0,206.91
Outerwear,Spring,54.8,108.62,4.5,False,0,108.62
Dresses,Fall,1.4,128.3,5.0,False,0,128.3
Bottoms,Spring,15.8,35.61,1.6,False,0,35.61
Outerwear,Spring,0.0,191.54,1.2,False,0,191.54
Shoes,Summer,0.0,109.76,4.3,False,0,109.76
Dresses,Winter,22.4,43.72,2.5,True,1,0.0
Tops,Fall,0.0,88.41,4.4,False,0,88.41
Tops,Spring,0.0,25.96,1.4,False,0,25.96
Bottoms,Spring,0.0,60.25,4.1,False,0,60.25
Accessories,Fall,0.0,67.61,1.8,False,0,67.61
Shoes,Spring,0.0,136.0,4.5,False,0,136.0
Shoes,Fall,0.0,74.48,3.7,False,0,74.48
Dresses,Fall,0.0,101.39,2.4,True,1,0.0
Dresses,Fall,41.7,98.92,4.6,False,0,98.92
Accessories,Winter,0.0,52.45,2.1,False,0,52.45
Shoes,Summer,47.6,80.62,3.1,False,0,80.62
Bottoms,Fall,50.5,16.19,1.3,False,0,16.19
Outerwear,Fall,54.6,47.34,4.2,False,0,47.34
Outerwear,Fall,0.0,220.99,3.6,False,0,220.99
Outerwear,Spring,48.8,101.77,3.0,False,0,101.77
Outerwear,Fall,0.0,121.03,1.6,True,1,0.0
Tops,Fall,0.0,88.62,2.4,False,0,88.62
Shoes,Summer,0.0,88.94,3.9,False,0,88.94
Bottoms,Winter,17.8,95.11,1.7,False,0,95.11
Bottoms,Fall,0.0,75.66,3.0,False,0,75.66
Accessories,Winter,0.0,42.11,4.0,False,0,42.11
Outerwear,Spring,4.3,237.24,4.6,False,0,237.24
Outerwear,Summer,0.0,109.74,1.9,False,0,109.74
Dresses,Summer,0.0,161.14,1.6,False,0,161.14
Outerwear,Spring,9.2,199.89,4.8,False,0,199.89
Dresses,Summer,0.0,57.33,2.0,False,0,57.33
Bottoms,Fall,0.0,108.24,2.3,False,0,108.24
Accessories,Summer,0.0,67.93,4.6,False,0,67.93
Tops,Fall,0.0,90.63,4.2,False,0,90.63
Accessories,Spring,0.4,72.01,3.0,True,1,0.0
Bottoms,Winter,0.0,27.98,3.0,False,0,27.98
Dresses,Summer,0.0,92.73,1.4,False,0,92.73
Bottoms,Summer,0.0,64.28,3.0,False,0,64.28
Dresses,Fall,0.0,133.12,1.9,False,0,133.12
Outerwear,Summer,0.0,199.01,4.4,False,0,199.01
Bottoms,Summer,37.1,39.26,4.1,False,0,39.26
Shoes,Summer,0.0,71.44,4.0,False,0,71.44
Dresses,Winter,0.0,89.69,4.3,False,0,89.69
Accessories,Winter,0.0,46.59,4.8,False,0,46.59
Accessories,Fall,0.0,74.2,1.7,False,0,74.2
Bottoms,Fall,0.0,99.67,5.0,False,0,99.67
Shoes,Fall,23.0,86.81,1.0,False,0,86.81
Shoes,Winter,0.0,157.42,2.4,False,0,157.42
Accessories,Fall,14.1,51.69,5.0,False,0,51.69
Outerwear,Winter,0.0,169.03,1.7,False,0,169.03
Dresses,Fall,0.0,175.86,4.6,False,0,175.86
Shoes,Summer,0.0,169.75,2.7,False,0,169.75
Accessories,Summer,24.3,39.19,3.7,False,0,39.19
Tops,Fall,0.0,83.09,2.3,False,0,83.09
Outerwear,Winter,0.0,176.1,4.6,False,0,176.1
Bottoms,Fall,0.0,69.11,3.9,False,0,69.11
Shoes,Spring,0.0,117.85,3.3,False,0,117.85
Shoes,Fall,36.0,61.55,3.5,False,0,61.55
Shoes,Spring,0.0,80.14,5.0,False,0,80.14
Accessories,Summer,13.0,47.92,3.9,False,0,47.92
Dresses,Fall,50.4,82.26,3.2,True,1,0.0
Dresses,Summer,0.0,82.7,4.0,False,0,82.7
Outerwear,Spring,6.6,208.15,2.1,False,0,208.15
Bottoms,Summer,5.4,32.5,4.5,False,0,32.5
Bottoms,Winter,42.2,64.3,3.0,False,0,64.3
Tops,Spring,35.2,25.9,2.3,False,0,25.9
Accessories,Summer,0.0,17.7,3.9,False,0,17.7
Bottoms,Summer,0.0,57.88,3.0,False,0,57.88
Tops,Summer,0.0,25.15,2.6,False,0,25.15
Outerwear,Spring,0.0,157.45,2.9,False,0,157.45
Bottoms,Winter,9.1,59.74,2.8,True,1,0.0
Dresses,Winter,0.0,92.8,2.5,False,0,92.8
Dresses,Winter,0.0,88.65,3.3,False,0,88.65
Tops,Winter,57.4,20.05,1.3,True,1,0.0
Outerwear,Summer,0.0,101.75,3.1,False,0,101.75
Dresses,Spring,7.5,121.25,4.5,True,1,0.0
Tops,Fall,26.1,60.64,1.5,False,0,60.64
Dresses,Summer,0.0,66.31,3.9,False,0,66.31
Accessories,Fall,0.0,26.03,3.8,False,0,26.03
Shoes,Spring,0.0,152.53,4.2,False,0,152.53
Bottoms,Fall,16.2,21.92,2.3,False,0,21.92
Dresses,Winter,10.8,79.54,3.3,False,0,79.54
Bottoms,Spring,0.0,106.37,4.9,False,0,106.37
Dresses,Fall,36.8,51.16,2.5,False,0,51.16
Outerwear,Summer,50.2,84.58,3.0,True,1,0.0
Dresses,Fall,8.8,145.37,4.5,False,0,145.37
Accessories,Spring,44.7,43.58,1.4,False,0,43.58
Outerwear,Summer,29.5,82.8,1.2,False,0,82.8
Accessories,Spring,0.0,76.94,4.3,False,0,76.94
Outerwear,Summer,0.0,232.19,1.3,True,1,0.0
Dresses,Fall,52.1,38.51,1.2,False,0,38.51
Bottoms,Summer,0.0,102.82,3.6,False,0,102.82
Bottoms,Fall,0.0,88.4,1.4,False,0,88.4
Shoes,Winter,0.0,112.5,4.3,False,0,112.5
Bottoms,Fall,11.1,87.08,2.4,False,0,87.08
Outerwear,Summer,36.9,72.26,1.5,False,0,72.26
Bottoms,Winter,0.0,27.85,1.5,False,0,27.85
Shoes,Spring,40.6,48.76,2.5,True,1,0.0
Bottoms,Summer,40.7,69.03,1.2,False,0,69.03
Bottoms,Spring,0.0,95.61,4.7,True,1,0.0
Shoes,Fall,0.0,70.04,2.4,False,0,70.04
Shoes,Winter,54.0,51.79,4.0,False,0,51.79
Accessories,Summer,0.9,26.56,1.2,True,1,0.0
Tops,Summer,0.0,50.09,4.0,False,0,50.09
Tops,Summer,0.0,114.63,3.8,True,1,0.0
Accessories,Summer,29.2,15.51,2.0,False,0,15.51
Accessories,Summer,16.4,39.67,1.7,False,0,39.67
Bottoms,Summer,0.0,113.21,2.7,False,0,113.21
Dresses,Spring,0.0,163.27,2.5,False,0,163.27
Dresses,Summer,0.0,166.53,1.7,False,0,166.53
Shoes,Summer,0.0,144.61,2.5,False,0,144.61
Accessories,Fall,0.0,31.0,1.9,False,0,31.0
Accessories,Winter,29.4,48.41,3.5,False,0,48.41
Dresses,Summer,56.5,31.77,3.0,True,1,0.0
Tops,Spring,0.0,95.19,4.1,False,0,95.19
Tops,Winter,0.0,104.94,2.0,False,0,104.94
Bottoms,Spring,0.0,97.29,4.5,False,0,97.29
Shoes,Winter,39.8,50.0,3.4,False,0,50.0
Outerwear,Fall,0.0,86.13,2.7,False,0,86.13
Bottoms,Summer,28.7,74.24,3.1,False,0,74.24
Accessories,Fall,0.0,41.7,3.2,False,0,41.7
Outerwear,Spring,0.0,80.11,1.8,False,0,80.11
Bottoms,Fall,35.2,50.14,2.3,False,0,50.14
Accessories,Fall,37.6,22.68,4.0,True,1,0.0
Shoes,Summer,0.0,91.98,3.9,False,0,91.98
Shoes,Winter,55.3,62.71,4.4,False,0,62.71
Tops,Spring,0.0,26.01,4.0,False,0,26.01
Tops,Winter,9.5,46.21,1.1,False,0,46.21
Outerwear,Fall,0.0,132.92,1.2,False,0,132.92
Bottoms,Winter,45.8,42.6,2.7,False,0,42.6
Accessories,Summer,0.0,69.38,2.4,False,0,69.38
Accessories,Fall,0.0,23.58,1.3,False,0,23.58
Tops,Spring,27.8,86.58,1.7,False,0,86.58
Outerwear,Summer,1.4,109.5,2.8,False,0,109.5
Accessories,Summer,0.0,60.22,2.1,False,0,60.22
Outerwear,Winter,0.0,133.52,3.6,False,0,133.52
Dresses,Spring,49.6,27.7,4.5,False,0,27.7
Tops,Winter,0.0,85.94,4.3,False,0,85.94
Accessories,Fall,0.0,24.64,4.4,False,0,24.64
Accessories,Spring,0.0,28.82,2.8,False,0,28.82
Shoes,Summer,24.3,60.25,1.7,False,0,60.25
Dresses,Fall,0.0,49.44,3.4,False,0,49.44
Tops,Winter,0.0,41.46,3.5,False,0,41.46
Dresses,Fall,35.4,85.12,4.7,False,0,85.12
Tops,Winter,33.3,74.52,2.0,True,1,0.0
Tops,Winter,47.6,52.38,2.0,True,1,0.0
Dresses,Fall,57.1,47.21,4.7,False,0,47.21
Dresses,Winter,0.0,141.84,1.7,False,0,141.84
Accessories,Winter,42.9,18.63,1.1,False,0,18.63
Outerwear,Spring,40.8,112.29,1.8,True,1,0.0
Dresses,Fall,46.8,80.27,4.9,False,0,80.27
Accessories,Fall,0.0,62.05,1.4,True,1,0.0
Accessories,Winter,0.0,74.32,2.2,False,0,74.32
Outerwear,Winter,0.0,217.34,4.2,False,0,217.34
Tops,Summer,56.7,48.12,1.5,False,0,48.12
Shoes,Winter,0.0,62.5,1.9,True,1,0.0
Outerwear,Winter,3.4,160.24,2.4,False,0,160.24
Outerwear,Fall,0.0,179.8,1.7,False,0,179.8
Accessories,Summer,0.0,34.15,4.1,False,0,34.15
Shoes,Summer,0.0,187.58,2.9,False,0,187.58
Outerwear,Fall,0.0,145.02,2.6,False,0,145.02
Bottoms,Summer,26.9,74.28,3.4,True,1,0.0
Dresses,Fall,0.0,71.14,3.1,False,0,71.14
Dresses,Summer,0.0,55.21,3.8,True,1,0.0
Tops,Summer,35.4,61.34,3.9,False,0,61.34
Shoes,Spring,0.0,138.69,2.9,False,0,138.69
Outerwear,Spring,0.0,175.7,3.0,False,0,175.7
Shoes,Summer,35.7,93.35,2.2,False,0,93.35
Dresses,Summer,44.6,93.81,2.7,False,0,93.81
Tops,Summer,0.0,103.14,4.5,False,0,103.14
Tops,Fall,32.0,66.28,3.0,False,0,66.28
Dresses,Spring,26.3,37.36,4.1,False,0,37.36
Outerwear,Fall,0.0,127.75,3.6,False,0,127.75
Tops,Winter,0.0,111.64,4.8,False,0,111.64
Shoes,Fall,11.6,118.99,3.9,False,0,118.99
Dresses,Fall,0.0,106.2,4.5,False,0,106.2
Shoes,Fall,20.6,82.78,3.0,False,0,82.78
Accessories,Spring,0.0,24.53,4.2,False,0,24.53
Shoes,Spring,0.0,131.25,1.6,False,0,131.25
Bottoms,Fall,0.0,72.85,3.8,False,0,72.85
Shoes,Winter,0.0,135.39,3.9,False,0,135.39
Shoes,Winter,4.2,159.93,2.6,True,1,0.0
Shoes,Spring,41.7,78.91,4.3,False,0,78.91
Bottoms,Spring,0.0,96.05,4.0,False,0,96.05
Outerwear,Summer,0.0,116.1,3.6,True,1,0.0
Shoes,Fall,0.0,91.53,1.5,False,0,91.53
Shoes,Winter,3.3,65.5,1.5,False,0,65.5
Accessories,Winter,0.0,38.34,1.4,False,0,38.34
Accessories,Winter,0.0,60.49,2.5,False,0,60.49
Outerwear,Spring,0.0,90.27,4.2,False,0,90.27
Accessories,Summer,0.0,45.42,1.3,False,0,45.42
Tops,Spring,0.0,58.56,2.3,False,0,58.56
Dresses,Summer,0.0,167.64,4.1,False,0,167.64
Outerwear,Fall,0.0,193.14,3.5,False,0,193.14
Accessories,Winter,15.6,50.69,2.0,True,1,0.0
Bottoms,Fall,0.0,35.37,4.7,False,0,35.37
Accessories,Summer,0.0,39.85,2.4,False,0,39.85
Tops,Winter,59.4,34.65,4.9,False,0,34.65
Bottoms,Fall,0.0,81.17,1.2,False,0,81.17
Accessories,Spring,0.0,16.81,2.8,False,0,16.81
Tops,Winter,55.0,52.07,1.6,False,0,52.07
Bottoms,Summer,0.0,49.87,2.1,False,0,49.87
Shoes,Fall,52.9,50.85,4.9,False,0,50.85
Shoes,Summer,31.7,94.49,2.5,False,0,94.49
Tops,Spring,0.0,32.01,3.4,True,1,0.0
Dresses,Fall,50.6,63.77,4.4,False,0,63.77
Dresses,Winter,56.4,29.9,1.8,False,0,29.9
Outerwear,Fall,58.2,52.12,3.2,False,0,52.12
Bottoms,Spring,0.0,36.85,4.4,False,0,36.85
Outerwear,Winter,0.3,228.94,3.4,False,0,228.94
Tops,Spring,0.0,74.09,3.4,False,0,74.09
Bottoms,Spring,0.0,27.22,2.4,False,0,27.22
Tops,Spring,1.4,32.18,1.5,True,1,0.0
Accessories,Summer,11.8,26.68,3.4,False,0,26.68
Bottoms,Summer,0.0,96.55,4.4,False,0,96.55
Bottoms,Fall,54.3,31.32,2.9,False,0,31.32
Shoes,Fall,0.0,71.94,3.3,False,0,71.94
Shoes,Fall,9.9,72.73,2.5,False,0,72.73
Outerwear,Winter,0.0,208.8,1.6,False,0,208.8
Shoes,Summer,54.1,72.59,4.5,False,0,72.59
Accessories,Spring,0.0,69.59,1.5,False,0,69.59
Shoes,Spring,0.0,124.26,4.0,False,0,124.26
Shoes,Winter,0.0,129.33,3.1,False,0,129.33
Dresses,Spring,30.0,86.75,1.9,False,0,86.75
Shoes,Summer,0.0,62.76,4.7,False,0,62.76
Shoes,Spring,0.0,74.54,3.5,False,0,74.54
Shoes,Summer,0.0,167.86,3.2,False,0,167.86
Accessories,Fall,37.7,38.75,3.1,False,0,38.75
Outerwear,Fall,6.3,209.6,1.9,False,0,209.6
Accessories,Summer,0.0,67.13,1.4,False,0,67.13
Dresses,Summer,33.3,96.59,2.8,False,0,96.59
Outerwear,Winter,53.0,71.88,4.6,True,1,0.0
Dresses,Summer,0.0,111.29,4.9,False,0,111.29
Outerwear,Winter,0.0,159.18,2.4,True,1,0.0
Outerwear,Winter,0.0,215.93,3.5,False,0,215.93
Tops,Spring,33.4,34.43,3.4,False,0,34.43
Outerwear,Summer,0.0,137.38,3.5,False,0,137.38
Bottoms,Fall,38.8,59.18,1.7,False,0,59.18
Bottoms,Spring,38.1,36.35,1.2,False,0,36.35
Outerwear,Winter,0.0,204.68,3.1,False,0,204.68
Outerwear,Summer,0.0,91.95,2.5,False,0,91.95
Bottoms,Fall,0.0,94.53,2.4,False,0,94.53
Dresses,Fall,3.0,69.78,1.4,False,0,69.78
Accessories,Summer,0.0,34.4,3.0,True,1,0.0
Bottoms,Spring,0.0,119.72,3.7,False,0,119.72
Accessories,Summer,0.0,44.09,2.0,False,0,44.09
Bottoms,Spring,0.0,42.47,4.5,True,1,0.0
Shoes,Fall,31.8,112.8,4.6,False,0,112.8
Accessories,Winter,0.0,35.36,4.5,False,0,35.36
Dresses,Summer,0.0,95.73,4.6,False,0,95.73
Accessories,Spring,51.3,35.2,1.9,False,0,35.2
Outerwear,Summer,0.0,80.35,2.9,False,0,80.35
Bottoms,Winter,0.0,119.04,1.4,False,0,119.04
Outerwear,Fall,43.8,52.01,1.5,True,1,0.0
Accessories,Fall,0.0,28.4,3.1,False,0,28.4
Bottoms,Summer,0.0,91.65,3.8,False,0,91.65
Accessories,Fall,0.0,72.57,2.5,False,0,72.57
Bottoms,Fall,0.0,39.05,3.5,False,0,39.05
Dresses,Winter,0.0,113.21,4.4,False,0,113.21
Accessories,Spring,0.0,25.34,3.3,False,0,25.34
Tops,Spring,56.7,42.5,2.6,False,0,42.5
Tops,Spring,0.0,60.54,1.7,False,0,60.54
Dresses,Winter,7.4,122.8,4.2,False,0,122.8
Outerwear,Fall,0.0,234.14,1.7,False,0,234.14
Accessories,Fall,48.2,16.5,4.5,False,0,16.5
Accessories,Spring,36.7,9.58,3.8,False,0,9.58
Shoes,Winter,0.0,77.72,1.1,False,0,77.72
Accessories,Spring,0.0,78.04,4.9,False,0,78.04
Outerwear,Fall,0.0,169.82,4.0,False,0,169.82
Bottoms,Spring,38.9,57.87,4.7,False,0,57.87
Shoes,Spring,22.0,87.83,2.1,True,1,0.0
Bottoms,Summer,0.0,104.16,1.6,False,0,104.16
Outerwear,Winter,0.0,174.86,1.7,False,0,174.86
Outerwear,Spring,49.4,110.25,2.9,False,0,110.25
Shoes,Winter,0.0,123.14,1.8,True,1,0.0
Tops,Winter,0.0,103.96,3.3,False,0,103.96
Dresses,Spring,0.0,138.45,3.3,False,0,138.45
Shoes,Winter,0.0,147.25,2.7,False,0,147.25
Shoes,Fall,0.0,126.23,2.1,False,0,126.23
Outerwear,Fall,0.0,229.04,4.5,False,0,229.04
Accessories,Winter,32.6,26.05,1.1,False,0,26.05
Accessories,Spring,0.0,56.44,4.0,False,0,56.44
Dresses,Fall,0.0,121.3,2.3,False,0,121.3
Bottoms,Fall,28.4,73.02,4.5,False,0,73.02
Bottoms,Spring,0.0,89.99,4.1,False,0,89.99
Shoes,Summer,34.5,42.12,4.5,False,0,42.12
Dresses,Spring,0.0,168.92,4.4,False,0,168.92
Bottoms,Summer,49.5,43.66,4.3,False,0,43.66
Tops,Winter,18.9,29.88,1.2,False,0,29.88
Tops,Spring,0.0,38.5,3.2,False,0,38.5
Bottoms,Winter,37.7,42.38,2.1,False,0,42.38
Tops,Spring,0.0,79.33,3.4,True,1,0.0
Bottoms,Summer,42.7,43.44,2.0,False,0,43.44
Dresses,Spring,0.0,141.42,2.5,False,0,141.42
Shoes,Spring,0.0,124.2,1.0,False,0,124.2
Bottoms,Winter,0.0,48.42,4.3,False,0,48.42
Dresses,Fall,0.0,119.4,4.2,False,0,119.4
Shoes,Summer,0.0,186.07,2.6,False,0,186.07
Shoes,Summer,0.0,109.46,4.1,False,0,109.46
Dresses,Winter,42.7,66.57,3.5,False,0,66.57
Accessories,Winter,26.3,30.43,4.7,False,0,30.43
Tops,Winter,45.0,52.07,2.6,False,0,52.07
Accessories,Spring,32.7,32.67,2.8,False,0,32.67
Tops,Summer,0.0,75.22,2.1,True,1,0.0
Outerwear,Winter,0.0,153.88,2.2,False,0,153.88
Accessories,Summer,0.0,68.87,1.1,False,0,68.87
Outerwear,Fall,0.0,246.49,4.8,False,0,246.49
Tops,Summer,0.0,33.77,3.8,False,0,33.77
Shoes,Summer,0.0,96.7,3.0,False,0,96.7
Dresses,Spring,0.0,95.81,4.9,False,0,95.81
Tops,Fall,0.0,41.58,1.6,False,0,41.58
Tops,Summer,6.6,43.59,1.3,True,1,0.0
Outerwear,Summer,14.0,176.15,3.8,False,0,176.15
Tops,Winter,47.1,22.97,4.7,False,0,22.97
Accessories,Summer,40.5,24.1,2.9,False,0,24.1
Bottoms,Winter,16.6,61.37,4.0,False,0,61.37
Accessories,Summer,0.0,17.67,4.3,False,0,17.67
Shoes,Fall,33.7,52.59,3.0,True,1,0.0
Accessories,Summer,0.0,45.24,3.0,True,1,0.0
Shoes,Fall,0.0,65.8,3.2,False,0,65.8
Shoes,Winter,0.0,88.42,3.4,True,1,0.0
Dresses,Fall,0.0,75.54,4.6,False,0,75.54
Shoes,Spring,0.0,185.13,4.9,False,0,185.13
Outerwear,Fall,0.0,132.58,1.6,False,0,132.58
Bottoms,Fall,0.0,93.38,3.5,False,0,93.38
Accessories,Fall,0.0,47.28,4.2,False,0,47.28
Bottoms,Spring,0.0,59.88,2.9,False,0,59.88
Dresses,Winter,0.0,140.07,2.7,False,0,140.07
Accessories,Winter,0.0,66.6,4.0,False,0,66.6
Accessories,Summer,35.4,25.72,4.6,False,0,25.72
Accessories,Fall,0.0,70.74,1.8,False,0,70.74
Accessories,Spring,29.1,23.13,1.4,False,0,23.13
Bottoms,Summer,0.0,41.07,4.8,False,0,41.07
Bottoms,Winter,0.0,43.1,4.9,False,0,43.1
Outerwear,Winter,27.9,73.56,2.2,True,1,0.0
Accessories,Winter,0.0,54.11,2.6,False,0,54.11
Accessories,Winter,0.0,43.5,2.8,False,0,43.5
Accessories,Winter,0.0,66.0,2.6,False,0,66.0
Bottoms,Summer,0.0,38.85,3.8,False,0,38.85
Accessories,Summer,0.0,61.29,4.0,False,0,61.29
Bottoms,Spring,0.0,90.66,2.4,True,1,0.0
Dresses,Fall,0.0,119.96,5.0,False,0,119.96
Shoes,Fall,0.0,130.21,4.7,False,0,130.21
Tops,Winter,0.0,49.68,2.8,False,0,49.68
Accessories,Spring,0.0,46.58,1.7,False,0,46.58
Accessories,Summer,0.0,69.88,2.8,False,0,69.88
Accessories,Fall,0.0,32.15,1.9,True,1,0.0
Bottoms,Summer,0.0,36.34,4.5,True,1,0.0
Bottoms,Fall,0.0,93.01,1.4,False,0,93.01
Tops,Winter,0.0,75.0,1.6,False,0,75.0
Bottoms,Spring,0.0,109.81,1.9,False,0,109.81
Bottoms,Fall,0.0,47.7,2.3,False,0,47.7
Tops,Winter,0.0,96.08,2.5,False,0,96.08
Bottoms,Winter,6.4,49.07,2.6,False,0,49.07
Dresses,Fall,0.0,131.92,2.5,False,0,131.92
Outerwear,Spring,0.0,205.77,1.0,False,0,205.77
Tops,Winter,11.3,86.82,1.3,False,0,86.82
Shoes,Summer,0.0,109.55,1.4,False,0,109.55
Bottoms,Fall,10.6,47.33,2.7,False,0,47.33
Bottoms,Winter,18.0,58.08,2.9,False,0,58.08
Dresses,Fall,0.0,53.17,4.5,True,1,0.0
Dresses,Winter,0.0,144.43,3.6,False,0,144.43
Outerwear,Spring,0.0,172.93,4.7,True,1,0.0
Outerwear,Winter,40.4,114.4,2.9,False,0,114.4
Dresses,Winter,0.0,128.56,2.4,False,0,128.56
Dresses,Summer,53.0,57.85,2.5,False,0,57.85
Outerwear,Spring,0.0,119.78,1.5,True,1,0.0
Tops,Spring,0.0,58.16,4.1,False,0,58.16
Outerwear,Fall,0.0,208.82,1.8,False,0,208.82
Shoes,Winter,0.0,192.74,4.3,False,0,192.74
Accessories,Fall,18.4,58.61,1.9,False,0,58.61
Shoes,Summer,0.0,145.4,2.0,False,0,145.4
Bottoms,Summer,0.0,51.94,3.2,False,0,51.94
Accessories,Spring,0.0,77.48,3.3,True,1,0.0
Dresses,Summer,45.2,32.69,2.6,False,0,32.69
Accessories,Spring,0.0,48.57,4.7,False,0,48.57
Accessories,Winter,44.8,32.69,2.0,False,0,32.69
Tops,Spring,2.1,57.27,3.9,False,0,57.27
Accessories,Fall,0.0,73.85,2.0,False,0,73.85
Bottoms,Summer,36.5,72.59,4.1,False,0,72.59
Bottoms,Summer,11.0,81.35,1.6,False,0,81.35
Tops,Summer,0.0,72.95,4.8,False,0,72.95
Bottoms,Summer,42.2,36.99,3.2,False,0,36.99
Dresses,Summer,51.9,36.0,2.5,False,0,36.0
Outerwear,Spring,0.0,158.84,4.6,False,0,158.84
Shoes,Spring,58.6,39.89,3.9,False,0,39.89
Bottoms,Spring,13.9,43.96,1.3,False,0,43.96
Bottoms,Summer,26.4,36.62,3.8,False,0,36.62
Dresses,Spring,0.0,148.98,2.2,True,1,0.0
Accessories,Winter,0.0,72.24,4.1,False,0,72.24
Tops,Winter,0.0,94.92,3.3,False,0,94.92
Outerwear,Fall,0.0,91.08,4.9,False,0,91.08
Accessories,Fall,58.3,20.73,1.6,False,0,20.73
Accessories,Winter,7.1,21.45,1.2,False,0,21.45
Accessories,Spring,0.0,49.95,4.3,False,0,49.95
Accessories,Winter,0.0,25.7,3.2,True,1,0.0
Shoes,Summer,0.0,175.22,4.9,False,0,175.22
Bottoms,Summer,0.0,37.57,1.9,False,0,37.57
Outerwear,Spring,0.0,245.87,2.6,False,0,245.87
Bottoms,Winter,0.0,116.92,3.2,False,0,116.92
Outerwear,Fall,0.5,237.7,2.7,False,0,237.7
Shoes,Summer,12.6,75.87,1.7,False,0,75.87
Bottoms,Spring,52.0,19.99,1.2,False,0,19.99
Tops,Spring,46.4,33.06,2.7,False,0,33.06
Tops,Fall,45.4,51.94,2.5,False,0,51.94
Bottoms,Fall,0.0,115.14,2.5,False,0,115.14
Tops,Summer,0.0,59.58,3.3,False,0,59.58
Shoes,Spring,0.0,169.89,1.2,False,0,169.89
Shoes,Winter,22.5,90.97,2.8,True,1,0.0
Tops,Winter,0.0,118.95,1.9,True,1,0.0
Tops,Winter,0.0,74.3,3.8,True,1,0.0
Bottoms,Spring,0.0,62.97,3.5,False,0,62.97
Accessories,Summer,0.0,73.6,1.8,False,0,73.6
Tops,Summer,0.0,94.31,3.0,False,0,94.31
Bottoms,Spring,0.0,60.36,3.3,False,0,60.36
Bottoms,Summer,0.0,94.85,1.5,False,0,94.85
Accessories,Winter,7.9,28.11,4.7,False,0,28.11
Dresses,Summer,0.0,97.06,3.9,False,0,97.06
Tops,Fall,19.7,41.23,1.3,False,0,41.23
Outerwear,Summer,0.0,189.28,2.7,True,1,0.0
Tops,Summer,35.8,55.64,4.9,False,0,55.64
Bottoms,Spring,0.0,102.84,1.8,False,0,102.84
Outerwear,Fall,0.0,225.21,3.1,True,1,0.0
Dresses,Winter,27.8,35.31,4.1,False,0,35.31
Outerwear,Fall,0.0,145.93,1.5,False,0,145.93
Outerwear,Winter,43.7,127.19,3.2,False,0,127.19
Outerwear,Summer,39.7,121.91,4.1,False,0,121.91
Shoes,Spring,54.9,41.53,2.2,False,0,41.53
Accessories,Fall,0.0,56.39,4.2,False,0,56.39
Tops,Fall,0.0,108.75,3.8,False,0,108.75
Dresses,Spring,0.0,156.85,3.4,False,0,156.85
Outerwear,Spring,0.0,168.13,2.5,False,0,168.13
Accessories,Fall,0.0,45.64,3.6,True,1,0.0
Bottoms,Fall,0.0,46.76,2.7,False,0,46.76
Dresses,Winter,0.0,75.23,1.7,True,1,0.0
Dresses,Summer,0.0,70.38,2.0,False,0,70.38
Bottoms,Summer,0.0,76.04,4.4,False,0,76.04
Accessories,Fall,0.0,47.47,4.7,False,0,47.47
Accessories,Spring,0.0,79.94,3.8,False,0,79.94
Bottoms,Fall,0.0,74.67,4.6,False,0,74.67
Dresses,Fall,35.5,41.14,3.1,True,1,0.0
Bottoms,Fall,0.0,49.6,4.7,False,0,49.6
Tops,Spring,0.0,57.91,3.9,False,0,57.91
Dresses,Summer,0.0,135.99,3.0,False,0,135.99
Dresses,Winter,21.8,41.83,2.1,False,0,41.83
Accessories,Spring,0.0,37.94,4.6,False,0,37.94
Accessories,Winter,0.0,43.45,4.0,False,0,43.45
Bottoms,Summer,9.6,69.54,2.0,False,0,69.54
Accessories,Fall,0.0,21.09,4.1,True,1,0.0
Accessories,Summer,0.0,61.13,2.6,False,0,61.13
Outerwear,Spring,0.0,127.59,4.9,False,0,127.59
Accessories,Summer,0.0,73.04,4.2,False,0,73.04
Outerwear,Winter,0.0,129.46,4.0,False,0,129.46
Dresses,Spring,0.0,173.0,3.9,False,0,173.0
Accessories,Summer,0.0,70.72,2.8,False,0,70.72
Dresses,Summer,0.0,126.37,2.0,False,0,126.37
Bottoms,Winter,9.6,76.11,2.1,False,0,76.11
Accessories,Summer,44.6,32.9,2.3,True,1,0.0
Outerwear,Fall,0.3,194.79,2.9,False,0,194.79
Dresses,Spring,7.5,99.57,4.6,False,0,99.57
Shoes,Spring,0.0,63.12,2.9,False,0,63.12
Bottoms,Fall,0.0,58.91,2.0,False,0,58.91
Bottoms,Summer,0.0,93.27,3.7,False,0,93.27
Dresses,Spring,36.8,93.46,3.3,False,0,93.46
Tops,Fall,0.0,30.53,2.5,False,0,30.53
Tops,Fall,1.6,103.28,2.0,False,0,103.28
Dresses,Winter,0.0,75.52,2.8,False,0,75.52
Bottoms,Winter,0.0,54.7,4.2,False,0,54.7
Shoes,Summer,25.9,93.55,1.5,True,1,0.0
Accessories,Winter,0.0,75.93,3.1,False,0,75.93
Tops,Fall,27.3,59.98,3.8,False,0,59.98
Bottoms,Fall,0.0,46.02,1.1,False,0,46.02
Dresses,Winter,45.5,68.49,1.6,False,0,68.49
Shoes,Winter,50.7,32.35,1.1,False,0,32.35
Dresses,Summer,0.0,91.61,1.4,False,0,91.61
Bottoms,Spring,38.8,47.58,4.3,False,0,47.58
Outerwear,Summer,17.3,191.47,2.1,False,0,191.47
Outerwear,Winter,0.0,140.1,3.9,False,0,140.1
Dresses,Summer,27.8,84.75,2.8,True,1,0.0
Tops,Spring,0.0,83.98,1.9,False,0,83.98
Bottoms,Summer,0.0,25.16,2.8,False,0,25.16
Outerwear,Fall,23.0,135.38,3.7,False,0,135.38
Tops,Summer,37.5,33.28,4.3,False,0,33.28
Outerwear,Fall,43.0,122.66,2.5,False,0,122.66
Bottoms,Summer,20.7,62.18,4.4,False,0,62.18
Shoes,Summer,0.0,173.15,2.2,False,0,173.15
Accessories,Fall,36.6,10.68,1.7,False,0,10.68
Outerwear,Summer,0.0,128.6,2.3,False,0,128.6
Outerwear,Spring,0.0,131.74,4.6,False,0,131.74
Bottoms,Summer,12.7,24.57,3.9,False,0,24.57
Outerwear,Winter,58.4,68.68,1.2,False,0,68.68
Tops,Spring,0.8,49.22,2.3,False,0,49.22
Tops,Fall,18.9,79.9,4.1,True,1,0.0
Shoes,Fall,30.8,65.18,1.4,False,0,65.18
Accessories,Winter,0.0,23.5,3.9,True,1,0.0
Bottoms,Fall,0.0,109.36,1.1,False,0,109.36
Accessories,Fall,0.0,69.73,1.1,True,1,0.0
Shoes,Summer,57.3,84.99,3.4,False,0,84.99
Bottoms,Spring,9.9,47.23,3.5,False,0,47.23
Outerwear,Fall,0.0,180.49,2.5,True,1,0.0
Dresses,Fall,0.0,63.02,2.5,False,0,63.02
Bottoms,Winter,0.0,79.62,4.1,False,0,79.62
Bottoms,Spring,13.7,101.13,4.8,False,0,101.13
Bottoms,Spring,0.0,58.29,2.3,False,0,58.29
Bottoms,Summer,57.5,26.1,4.8,False,0,26.1
Accessories,Winter,0.0,20.24,4.1,False,0,20.24
Bottoms,Winter,0.0,67.92,1.8,True,1,0.0
Accessories,Fall,0.0,25.39,1.8,False,0,25.39
Dresses,Winter,39.4,70.23,3.8,True,1,0.0
Bottoms,Summer,16.1,87.21,4.9,True,1,0.0
Shoes,Winter,20.5,75.3,3.6,False,0,75.3
Accessories,Fall,0.0,23.28,3.1,True,1,0.0
Tops,Summer,0.0,90.73,1.1,False,0,90.73
Bottoms,Fall,0.0,25.74,1.1,True,1,0.0
Shoes,Spring,0.0,162.97,2.2,True,1,0.0
Accessories,Winter,8.7,45.95,1.3,False,0,45.95
Tops,Summer,0.0,103.65,3.7,False,0,103.65
Shoes,Winter,0.0,88.0,1.9,False,0,88.0
Outerwear,Winter,0.0,209.52,2.6,False,0,209.52
Shoes,Fall,0.0,97.42,2.0,False,0,97.42
Dresses,Winter,0.0,154.6,4.5,True,1,0.0
Bottoms,Summer,38.0,50.59,1.2,False,0,50.59
Accessories,Winter,0.0,48.04,4.8,False,0,48.04
Tops,Fall,0.0,70.77,3.7,False,0,70.77
Outerwear,Fall,0.0,103.49,1.8,False,0,103.49
Bottoms,Spring,0.0,82.37,3.3,False,0,82.37
Dresses,Summer,18.0,67.0,4.7,False,0,67.0
Bottoms,Summer,18.7,83.93,4.0,False,0,83.93
Accessories,Fall,0.0,78.39,4.2,False,0,78.39
Outerwear,Spring,23.1,129.48,2.0,False,0,129.48
Shoes,Winter,0.0,128.35,2.5,False,0,128.35
Dresses,Spring,3.0,134.02,4.1,False,0,134.02
Dresses,Fall,0.0,52.45,1.7,False,0,52.45
Shoes,Winter,0.0,171.53,4.8,False,0,171.53
Tops,Fall,1.2,80.26,4.9,False,0,80.26
Accessories,Spring,44.1,17.54,3.4,False,0,17.54
Bottoms,Spring,0.0,93.89,1.8,False,0,93.89
Bottoms,Spring,0.0,54.84,3.2,False,0,54.84
Dresses,Winter,0.0,140.34,2.8,True,1,0.0
Tops,Fall,16.8,43.16,1.5,False,0,43.16
Accessories,Summer,0.0,71.19,2.8,False,0,71.19
Outerwear,Spring,44.9,132.99,2.1,False,0,132.99
Bottoms,Fall,10.4,98.69,1.6,False,0,98.69
Outerwear,Spring,0.0,120.68,1.9,False,0,120.68
Accessories,Fall,31.0,47.73,2.7,True,1,0.0
Dresses,Fall,0.0,134.77,4.8,False,0,134.77
Accessories,Winter,0.0,56.09,4.9,False,0,56.09
Shoes,Fall,33.1,83.5,2.4,False,0,83.5
Dresses,Spring,56.1,41.28,1.2,False,0,41.28
Accessories,Winter,0.0,31.13,4.7,False,0,31.13
Accessories,Fall,1.7,65.17,1.6,False,0,65.17
Bottoms,Winter,28.4,47.71,2.0,False,0,47.71
Bottoms,Spring,0.0,117.63,1.2,False,0,117.63
Dresses,Winter,0.0,152.65,3.7,False,0,152.65
Accessories,Winter,0.0,40.18,4.7,False,0,40.18
Accessories,Spring,0.0,46.97,2.6,False,0,46.97
Shoes,Fall,0.0,162.9,1.9,False,0,162.9
Bottoms,Winter,0.0,57.14,1.4,False,0,57.14
Shoes,Spring,0.0,93.6,4.3,False,0,93.6
Accessories,Spring,43.0,36.8,3.9,False,0,36.8
Shoes,Spring,57.8,46.85,2.2,False,0,46.85
Tops,Summer,0.0,30.46,1.2,False,0,30.46
Accessories,Winter,0.0,31.32,2.7,False,0,31.32
Bottoms,Spring,0.0,61.78,3.5,False,0,61.78
Outerwear,Summer,0.0,126.27,4.7,False,0,126.27
Outerwear,Winter,0.0,147.53,4.7,True,1,0.0
Accessories,Summer,12.2,32.47,4.8,False,0,32.47
Shoes,Fall,0.0,172.41,2.3,False,0,172.41
Shoes,Summer,0.0,80.56,1.9,False,0,80.56
Accessories,Fall,0.0,51.72,3.7,True,1,0.0
Bottoms,Spring,37.8,66.69,2.9,False,0,66.69
Shoes,Fall,50.1,87.32,4.9,False,0,87.32
Dresses,Spring,53.2,42.36,2.2,False,0,42.36
Shoes,Summer,16.6,79.17,4.8,False,0,79.17
Shoes,Winter,0.0,179.82,2.4,True,1,0.0
Tops,Spring,23.7,77.8,3.6,False,0,77.8
Bottoms,Spring,16.2,22.72,2.4,True,1,0.0
Outerwear,Summer,0.0,141.83,2.4,True,1,0.0
Shoes,Spring,37.0,98.49,2.9,True,1,0.0
Tops,Summer,0.0,81.84,2.4,False,0,81.84
Bottoms,Fall,19.9,29.19,1.8,False,0,29.19
Outerwear,Fall,0.0,155.3,3.0,False,0,155.3
Bottoms,Fall,28.5,60.09,1.0,False,0,60.09
Shoes,Fall,56.4,43.06,4.5,False,0,43.06
Accessories,Summer,59.1,21.67,3.4,True,1,0.0
Bottoms,Spring,0.0,39.84,2.4,False,0,39.84
Accessories,Spring,0.0,40.01,4.5,False,0,40.01
Bottoms,Winter,0.0,102.25,3.8,False,0,102.25
Tops,Summer,0.0,76.33,2.0,True,1,0.0
Accessories,Spring,39.0,31.59,2.5,False,0,31.59
Outerwear,Spring,12.9,123.02,1.7,False,0,123.02
Accessories,Spring,0.0,66.18,1.7,False,0,66.18
Tops,Summer,0.0,35.15,2.2,False,0,35.15
Accessories,Spring,41.2,20.94,3.7,False,0,20.94
Accessories,Summer,0.0,35.64,5.0,True,1,0.0
Accessories,Fall,0.0,17.72,1.2,False,0,17.72
Outerwear,Fall,13.3,76.25,4.5,False,0,76.25
Outerwear,Spring,0.0,216.26,1.1,False,0,216.26
Shoes,Winter,0.0,112.77,4.1,False,0,112.77
Accessories,Winter,44.8,21.54,3.4,False,0,21.54
Tops,Spring,0.0,69.77,5.0,False,0,69.77
Dresses,Spring,48.4,64.46,3.2,False,0,64.46
Dresses,Summer,29.4,59.25,2.1,True,1,0.0
Outerwear,Fall,0.0,180.91,3.8,False,0,180.91
Shoes,Spring,0.0,120.11,4.1,False,0,120.11
Outerwear,Summer,0.0,225.01,1.9,True,1,0.0
Dresses,Summer,0.0,115.57,3.0,False,0,115.57
Accessories,Fall,19.0,17.17,1.3,False,0,17.17
Accessories,Fall,0.0,73.43,2.3,False,0,73.43
Accessories,Spring,0.0,70.75,1.4,False,0,70.75
Accessories,Fall,0.0,58.9,4.0,False,0,58.9
Outerwear,Winter,16.9,87.07,4.3,False,0,87.07
Accessories,Fall,0.0,55.3,2.5,False,0,55.3
Bottoms,Summer,34.0,37.39,4.3,False,0,37.39
Shoes,Fall,0.0,128.68,2.2,False,0,128.68
Outerwear,Fall,51.9,72.33,5.0,False,0,72.33
Dresses,Winter,0.0,162.65,1.4,False,0,162.65
Bottoms,Summer,0.0,28.9,4.6,False,0,28.9
Accessories,Spring,38.8,46.26,1.1,False,0,46.26
Tops,Spring,5.5,29.2,1.4,False,0,29.2
Outerwear,Summer,0.0,101.04,3.5,False,0,101.04
Dresses,Fall,0.0,54.81,1.2,True,1,0.0
Shoes,Summer,42.1,110.94,4.0,False,0,110.94
Tops,Summer,0.0,100.5,2.7,True,1,0.0
Shoes,Spring,23.6,70.56,2.2,False,0,70.56
Shoes,Summer,56.6,69.98,2.1,False,0,69.98
Dresses,Winter,6.3,63.74,3.4,False,0,63.74
Shoes,Fall,47.4,63.76,3.0,True,1,0.0
Tops,Winter,28.8,49.56,3.7,False,0,49.56
Bottoms,Fall,54.5,11.64,2.4,False,0,11.64
Dresses,Summer,6.6,50.87,1.7,False,0,50.87
Bottoms,Winter,0.0,43.32,2.6,False,0,43.32
Accessories,Winter,0.0,75.09,3.5,False,0,75.09
Dresses,Spring,0.0,167.46,1.3,False,0,167.46
Shoes,Fall,34.3,73.08,2.2,False,0,73.08
Shoes,Fall,0.0,199.46,1.4,False,0,199.46
Shoes,Fall,50.2,36.23,3.6,False,0,36.23
Bottoms,Fall,27.6,62.64,1.1,False,0,62.64
Accessories,Spring,40.2,31.51,2.7,False,0,31.51
Outerwear,Fall,0.0,104.18,5.0,False,0,104.18
Shoes,Fall,0.0,64.4,4.9,False,0,64.4
Bottoms,Summer,0.0,34.07,4.2,True,1,0.0
Bottoms,Winter,45.3,23.7,3.4,False,0,23.7
Outerwear,Spring,0.0,122.92,2.9,False,0,122.92
Shoes,Summer,0.0,131.55,1.8,False,0,131.55
Outerwear,Spring,0.0,192.58,1.2,False,0,192.58
Accessories,Spring,0.0,33.56,3.0,False,0,33.56
Accessories,Summer,0.0,59.1,1.3,False,0,59.1
Shoes,Fall,20.7,86.56,2.0,True,1,0.0
Bottoms,Fall,0.0,59.1,4.6,False,0,59.1
Shoes,Spring,0.0,99.33,3.9,False,0,99.33
Outerwear,Summer,9.5,117.45,4.0,False,0,117.45
Accessories,Fall,38.3,11.29,1.1,False,0,11.29
Outerwear,Spring,29.0,152.64,2.8,True,1,0.0
Accessories,Spring,0.0,20.77,2.0,False,0,20.77
Accessories,Summer,0.0,77.96,4.8,False,0,77.96
Accessories,Fall,34.6,47.96,2.1,False,0,47.96
Accessories,Fall,25.9,55.74,1.9,True,1,0.0
Bottoms,Fall,24.2,35.36,3.2,False,0,35.36
Dresses,Spring,0.0,62.82,2.1,False,0,62.82
Tops,Summer,57.4,24.42,3.1,False,0,24.42
Outerwear,Winter,0.0,153.59,2.9,True,1,0.0
Shoes,Winter,0.0,101.14,2.8,False,0,101.14
Bottoms,Spring,15.6,37.04,1.7,True,1,0.0
Dresses,Winter,0.0,153.12,3.3,False,0,153.12
Tops,Summer,12.1,32.63,3.2,False,0,32.63
Shoes,Fall,0.0,61.04,1.9,False,0,61.04
Tops,Summer,0.0,97.17,3.0,False,0,97.17
Accessories,Summer,0.0,63.45,3.9,False,0,63.45
Tops,Fall,0.0,117.39,3.2,False,0,117.39
Tops,Spring,0.0,32.89,4.6,False,0,32.89
Bottoms,Spring,38.6,63.0,4.0,False,0,63.0
Shoes,Spring,32.2,105.71,2.0,False,0,105.71
Outerwear,Fall,0.0,178.39,4.2,False,0,178.39
Outerwear,Spring,0.0,151.1,2.4,False,0,151.1
Tops,Summer,55.4,40.6,2.5,False,0,40.6
Dresses,Summer,0.0,147.58,4.3,False,0,147.58
Dresses,Summer,0.0,79.98,1.5,False,0,79.98
Dresses,Fall,0.0,86.38,2.7,False,0,86.38
Tops,Summer,40.4,28.18,4.4,False,0,28.18
Outerwear,Spring,22.6,152.12,1.4,False,0,152.12
Tops,Spring,0.0,72.72,1.6,False,0,72.72
Accessories,Summer,8.1,62.69,4.0,False,0,62.69
Tops,Fall,0.0,91.03,2.1,False,0,91.03
Outerwear,Fall,16.5,83.83,4.6,False,0,83.83
Tops,Fall,0.0,100.03,1.2,False,0,100.03
Accessories,Spring,29.2,35.5,4.4,False,0,35.5
Bottoms,Summer,0.0,33.13,3.3,False,0,33.13
Accessories,Spring,0.0,67.67,3.3,False,0,67.67
Bottoms,Summer,56.3,41.05,1.1,False,0,41.05
Tops,Fall,11.2,30.69,3.4,False,0,30.69
Outerwear,Summer,0.0,235.33,4.7,True,1,0.0
Tops,Spring,0.0,25.45,3.7,False,0,25.45
Tops,Winter,0.0,71.44,4.3,False,0,71.44
Dresses,Summer,0.0,98.33,3.7,False,0,98.33
Dresses,Winter,0.0,155.57,3.8,False,0,155.57
Outerwear,Fall,0.0,198.44,2.2,False,0,198.44
Shoes,Spring,18.1,144.02,4.0,False,0,144.02
Outerwear,Summer,0.0,100.23,3.5,False,0,100.23
Outerwear,Fall,0.0,205.91,4.8,False,0,205.91
Accessories,Fall,1.1,28.74,1.1,True,1,0.0
Accessories,Summer,0.0,68.56,2.4,False,0,68.56
Tops,Summer,59.5,37.1,4.3,False,0,37.1
Dresses,Summer,0.0,96.57,1.9,False,0,96.57
Bottoms,Winter,57.9,15.0,1.8,False,0,15.0
Shoes,Winter,38.1,73.65,1.1,True,1,0.0
Shoes,Spring,10.1,56.3,2.9,False,0,56.3
Shoes,Summer,55.5,68.24,4.2,True,1,0.0
Dresses,Spring,55.9,47.44,4.4,False,0,47.44
Shoes,Spring,0.0,137.16,4.0,False,0,137.16
Dresses,Fall,0.0,73.07,4.2,False,0,73.07
Bottoms,Fall,7.6,71.09,3.7,False,0,71.09
Bottoms,Winter,0.0,119.92,5.0,False,0,119.92
Outerwear,Winter,0.0,116.49,3.3,True,1,0.0
Shoes,Fall,14.7,153.19,2.9,False,0,153.19
Accessories,Winter,0.0,33.8,4.8,False,0,33.8
Tops,Fall,3.3,40.2,2.9,False,0,40.2
Shoes,Spring,47.0,73.72,3.4,False,0,73.72
Dresses,Fall,0.0,102.04,3.4,False,0,102.04
Bottoms,Fall,54.2,21.64,4.9,False,0,21.64
Dresses,Summer,0.0,55.08,4.1,False,0,55.08
Outerwear,Winter,54.8,39.92,3.1,False,0,39.92
Bottoms,Winter,57.4,29.77,4.2,False,0,29.77
Shoes,Fall,0.0,142.83,3.5,False,0,142.83
Shoes,Fall,0.0,140.17,3.1,False,0,140.17
Tops,Winter,33.8,70.24,4.5,False,0,70.24
Dresses,Summer,0.0,53.23,2.8,True,1,0.0
Outerwear,Spring,0.0,92.25,3.3,True,1,0.0
Accessories,Summer,0.0,39.17,3.5,True,1,0.0
Accessories,Spring,0.0,72.83,2.0,False,0,72.83
Bottoms,Winter,28.7,21.2,2.5,False,0,21.2
Dresses,Winter,0.0,144.1,2.5,False,0,144.1
Dresses,Summer,10.8,97.43,3.3,False,0,97.43
Outerwear,Winter,17.5,149.04,1.4,False,0,149.04
Outerwear,Spring,46.2,69.53,3.2,False,0,69.53
Shoes,Summer,47.1,103.51,4.0,False,0,103.51
Accessories,Winter,20.7,52.05,2.6,False,0,52.05
Bottoms,Spring,0.0,113.18,4.9,False,0,113.18
Shoes,Fall,0.0,173.69,3.6,False,0,173.69
Outerwear,Fall,0.0,156.54,1.8,False,0,156.54
Accessories,Fall,18.9,27.72,3.6,False,0,27.72
Bottoms,Winter,0.0,58.44,2.6,True,1,0.0
Accessories,Summer,0.0,30.62,3.0,True,1,0.0
Outerwear,Fall,0.0,213.94,4.7,False,0,213.94
Bottoms,Fall,0.0,29.31,4.6,True,1,0.0
Bottoms,Fall,0.0,113.23,3.7,False,0,113.23
Outerwear,Spring,0.0,103.65,1.0,False,0,103.65
Shoes,Winter,0.0,128.31,4.0,True,1,0.0
Shoes,Winter,0.0,118.97,3.8,False,0,118.97
Bottoms,Winter,16.5,26.7,1.8,False,0,26.7
Tops,Winter,26.8,84.83,4.6,False,0,84.83
Dresses,Fall,0.0,140.06,2.3,False,0,140.06
Shoes,Fall,0.0,154.82,4.1,False,0,154.82
Dresses,Winter,20.2,91.14,2.0,True,1,0.0
Shoes,Winter,0.0,114.84,2.6,True,1,0.0
Dresses,Winter,6.8,122.39,2.0,False,0,122.39
Tops,Fall,32.1,62.07,2.3,False,0,62.07
Bottoms,Fall,0.0,119.63,2.1,False,0,119.63
Shoes,Summer,0.0,167.89,1.0,False,0,167.89
Shoes,Spring,0.0,100.39,3.2,True,1,0.0
Dresses,Summer,40.9,95.99,1.0,False,0,95.99
Shoes,Spring,5.1,61.75,4.3,False,0,61.75
Outerwear,Spring,59.8,46.52,4.2,False,0,46.52
Accessories,Fall,11.9,19.0,3.0,True,1,0.0
Dresses,Fall,50.3,37.7,4.7,True,1,0.0
Outerwear,Summer,0.0,170.91,1.6,True,1,0.0
Bottoms,Summer,0.0,84.44,1.1,False,0,84.44
Outerwear,Summer,0.0,93.11,2.8,False,0,93.11
Tops,Winter,8.8,77.38,4.1,True,1,0.0
Shoes,Spring,0.0,138.41,3.1,False,0,138.41
Accessories,Fall,21.6,15.83,4.4,True,1,0.0
Dresses,Fall,37.6,77.48,2.3,False,0,77.48
Outerwear,Spring,0.0,133.92,2.8,False,0,133.92
Accessories,Spring,0.0,77.78,2.5,True,1,0.0
Dresses,Winter,35.9,101.08,1.0,False,0,101.08
Tops,Winter,0.0,99.57,1.0,False,0,99.57
Accessories,Summer,33.3,29.09,2.5,False,0,29.09
Outerwear,Winter,0.0,88.87,2.4,False,0,88.87
Bottoms,Fall,19.8,90.31,1.0,False,0,90.31
Tops,Fall,0.0,33.35,1.2,False,0,33.35
Tops,Fall,3.1,104.45,2.8,False,0,104.45
Tops,Summer,0.0,53.87,4.2,True,1,0.0
Tops,Spring,40.8,42.92,4.4,False,0,42.92
Dresses,Winter,0.0,67.63,4.7,False,0,67.63
Outerwear,Summer,0.0,221.94,1.5,False,0,221.94
Bottoms,Fall,8.4,108.79,4.6,True,1,0.0
Tops,Fall,0.0,100.17,1.2,False,0,100.17
Accessories,Summer,0.0,18.45,2.2,False,0,18.45
Accessories,Summer,13.5,39.41,3.2,False,0,39.41
Tops,Spring,0.0,62.21,2.6,False,0,62.21
Accessories,Winter,0.0,37.02,4.3,False,0,37.02
Dresses,Summer,39.0,31.63,2.4,False,0,31.63
Dresses,Spring,0.0,76.24,2.8,False,0,76.24
Accessories,Fall,0.0,74.17,1.7,False,0,74.17
Bottoms,Spring,0.0,75.99,1.7,True,1,0.0
Bottoms,Winter,49.4,31.54,3.5,False,0,31.54
Bottoms,Winter,0.0,93.59,1.9,False,0,93.59
Tops,Fall,35.7,46.83,3.1,False,0,46.83
Outerwear,Winter,33.6,89.37,2.9,False,0,89.37
Bottoms,Spring,41.9,41.6,2.8,False,0,41.6
Shoes,Summer,53.5,28.99,4.1,False,0,28.99
Outerwear,Spring,43.7,45.35,4.8,True,1,0.0
Shoes,Winter,0.0,171.48,2.4,False,0,171.48
Dresses,Summer,0.0,97.14,4.1,False,0,97.14
Dresses,Winter,0.0,174.86,4.6,False,0,174.86
Dresses,Winter,0.0,100.03,1.9,True,1,0.0
Dresses,Winter,0.0,49.89,3.5,True,1,0.0
Outerwear,Summer,0.0,186.78,2.9,False,0,186.78
Accessories,Fall,0.0,63.98,1.7,False,0,63.98
Outerwear,Fall,0.0,225.64,1.3,False,0,225.64
Bottoms,Fall,0.0,92.59,2.3,False,0,92.59
Accessories,Spring,26.2,49.93,1.7,False,0,49.93
Outerwear,Spring,0.0,128.92,1.5,False,0,128.92
Accessories,Fall,16.8,13.74,1.2,False,0,13.74
Shoes,Winter,42.7,99.51,3.1,False,0,99.51
Tops,Spring,20.9,56.55,1.3,False,0,56.55
Shoes,Spring,58.6,41.81,1.2,False,0,41.81
Outerwear,Winter,52.6,55.16,2.4,False,0,55.16
Shoes,Spring,8.3,137.81,2.9,False,0,137.81
Outerwear,Winter,0.0,107.81,2.7,False,0,107.81
Accessories,Winter,0.0,34.04,1.9,False,0,34.04
Dresses,Summer,45.9,90.97,1.5,False,0,90.97
Tops,Fall,0.0,74.07,1.4,False,0,74.07
Tops,Winter,0.0,84.75,2.5,False,0,84.75
Shoes,Summer,9.6,169.47,4.0,False,0,169.47
Outerwear,Fall,0.0,87.09,2.8,False,0,87.09
Outerwear,Summer,56.8,100.44,2.9,True,1,0.0
Shoes,Spring,0.0,184.87,1.8,False,0,184.87
Tops,Fall,0.0,31.36,3.4,False,0,31.36
Accessories,Winter,24.6,46.94,3.5,False,0,46.94
Accessories,Summer,42.2,37.47,1.3,False,0,37.47
Accessories,Spring,0.0,15.92,4.1,False,0,15.92
Outerwear,Spring,0.0,180.83,2.0,False,0,180.83
Shoes,Summer,0.0,73.81,1.3,False,0,73.81
Shoes,Summer,0.0,127.52,3.4,False,0,127.52
Bottoms,Winter,23.0,25.28,1.1,False,0,25.28
Tops,Winter,0.0,108.92,1.8,False,0,108.92
Shoes,Winter,47.5,45.06,1.1,False,0,45.06
Accessories,Spring,0.0,62.02,3.7,False,0,62.02
Shoes,Summer,5.4,120.44,2.5,False,0,120.44
Accessories,Summer,27.9,50.2,1.1,False,0,50.2
Tops,Winter,28.8,65.51,1.9,False,0,65.51
Shoes,Fall,0.0,110.1,3.6,True,1,0.0
Bottoms,Fall,0.0,109.05,3.7,False,0,109.05
Accessories,Winter,0.0,67.46,1.4,False,0,67.46
Accessories,Summer,8.3,21.82,3.5,False,0,21.82
Bottoms,Fall,0.0,115.89,2.9,False,0,115.89
Outerwear,Spring,42.5,80.04,2.9,False,0,80.04
Dresses,Fall,36.7,76.23,2.4,False,0,76.23
Accessories,Fall,0.0,72.81,4.3,False,0,72.81
Accessories,Spring,0.0,29.75,3.9,False,0,29.75
Tops,Summer,0.0,33.63,4.7,False,0,33.63
Outerwear,Spring,0.0,126.14,3.6,False,0,126.14
Tops,Winter,0.0,114.32,5.0,False,0,114.32
Shoes,Spring,0.0,102.46,3.7,True,1,0.0
Bottoms,Summer,15.0,81.34,4.9,False,0,81.34
Bottoms,Winter,0.0,55.49,4.6,False,0,55.49
Accessories,Winter,9.8,27.58,3.4,False,0,27.58
Bottoms,Fall,0.0,116.58,1.2,False,0,116.58
Dresses,Winter,21.1,62.47,1.5,True,1,0.0
Dresses,Summer,0.0,88.71,3.5,False,0,88.71
Dresses,Spring,0.0,150.58,2.1,False,0,150.58
Dresses,Summer,9.3,163.17,2.1,False,0,163.17
Outerwear,Spring,0.0,135.3,4.6,False,0,135.3
Shoes,Fall,0.0,146.43,2.5,False,0,146.43
Outerwear,Winter,0.0,160.27,2.0,False,0,160.27
Shoes,Winter,8.8,154.92,2.1,False,0,154.92
Shoes,Summer,0.0,137.33,4.6,False,0,137.33
Accessories,Summer,0.0,19.56,3.1,False,0,19.56
Shoes,Winter,0.0,155.66,4.0,False,0,155.66
Tops,Summer,0.0,106.2,1.1,False,0,106.2
Outerwear,Fall,0.0,158.31,5.0,False,0,158.31
Dresses,Spring,42.2,59.13,1.3,False,0,59.13
Accessories,Fall,58.0,22.45,4.2,False,0,22.45
Dresses,Summer,22.9,78.47,1.2,True,1,0.0
Outerwear,Summer,0.0,112.28,4.1,False,0,112.28
Accessories,Winter,0.0,47.51,4.4,False,0,47.51
Bottoms,Winter,26.4,47.66,2.9,True,1,0.0
Outerwear,Winter,0.0,129.86,1.7,False,0,129.86
Bottoms,Spring,0.0,32.74,4.0,True,1,0.0
Bottoms,Spring,0.0,79.27,3.5,False,0,79.27
Tops,Spring,0.0,119.38,4.4,False,0,119.38
Accessories,Fall,8.0,62.84,3.1,False,0,62.84
Outerwear,Fall,0.0,209.66,2.1,False,0,209.66
Bottoms,Winter,0.0,37.53,3.0,True,1,0.0
Shoes,Summer,0.0,140.28,1.9,False,0,140.28
Shoes,Summer,0.0,171.07,3.0,False,0,171.07
Tops,Summer,0.0,77.87,2.7,False,0,77.87
Tops,Spring,0.0,80.54,2.1,False,0,80.54
Bottoms,Summer,41.7,28.38,1.3,True,1,0.0
Shoes,Winter,0.0,137.83,3.4,True,1,0.0
Bottoms,Fall,44.8,53.48,1.3,False,0,53.48
Tops,Spring,36.8,29.35,1.9,False,0,29.35
Bottoms,Winter,0.0,86.4,3.7,False,0,86.4
Bottoms,Fall,51.6,55.09,2.9,False,0,55.09
Shoes,Fall,0.0,123.23,4.3,False,0,123.23
Accessories,Winter,0.0,69.69,3.0,False,0,69.69
Accessories,Winter,24.4,34.89,4.4,True,1,0.0
Outerwear,Summer,0.0,229.8,3.6,False,0,229.8
Outerwear,Fall,19.6,144.27,3.0,False,0,144.27
Shoes,Fall,56.3,35.38,2.2,True,1,0.0
Bottoms,Fall,19.2,50.34,2.5,False,0,50.34
Accessories,Fall,12.5,51.48,1.5,False,0,51.48
Tops,Summer,1.7,117.02,4.1,False,0,117.02
Outerwear,Summer,0.0,80.54,1.8,True,1,0.0
Bottoms,Winter,25.7,35.16,3.2,False,0,35.16
Shoes,Winter,27.4,75.92,1.0,True,1,0.0
Accessories,Winter,23.3,29.43,1.4,False,0,29.43
Outerwear,Winter,0.0,86.3,3.9,False,0,86.3
Accessories,Winter,4.2,62.16,1.4,False,0,62.16
Accessories,Fall,0.0,53.64,2.3,False,0,53.64
Dresses,Summer,9.2,103.34,2.4,False,0,103.34
Tops,Summer,27.7,29.01,1.7,True,1,0.0
Tops,Winter,30.9,34.3,2.0,False,0,34.3
Bottoms,Summer,54.2,53.88,4.6,True,1,0.0
Accessories,Summer,3.7,67.2,3.2,False,0,67.2
Accessories,Spring,18.4,24.41,4.9,False,0,24.41
Shoes,Fall,43.3,106.09,3.0,False,0,106.09
Accessories,Summer,15.8,33.71,1.8,False,0,33.71
Bottoms,Spring,0.0,119.84,1.4,False,0,119.84
Shoes,Fall,0.0,167.27,4.0,False,0,167.27
Dresses,Spring,1.1,146.37,2.0,False,0,146.37
Bottoms,Summer,0.0,52.6,1.2,True,1,0.0
Shoes,Summer,0.0,106.37,1.1,False,0,106.37
Tops,Summer,40.4,57.67,4.5,False,0,57.67
Outerwear,Spring,0.0,99.02,1.2,False,0,99.02
Accessories,Spring,36.9,43.47,1.8,False,0,43.47
Dresses,Spring,3.5,61.67,2.1,False,0,61.67
Bottoms,Winter,0.0,91.11,3.3,False,0,91.11
Accessories,Summer,0.0,46.07,2.5,False,0,46.07
Tops,Fall,0.0,56.35,1.5,False,0,56.35
Bottoms,Winter,23.1,90.9,5.0,False,0,90.9
Tops,Fall,0.0,25.86,1.5,False,0,25.86
Tops,Fall,23.7,69.94,3.7,False,0,69.94
Bottoms,Fall,7.9,23.29,1.7,False,0,23.29
Accessories,Winter,32.2,34.99,4.8,False,0,34.99
Outerwear,Summer,24.6,108.28,4.1,False,0,108.28
Bottoms,Summer,0.0,45.48,2.3,False,0,45.48
Shoes,Summer,0.0,190.78,3.7,False,0,190.78
Accessories,Fall,0.0,44.73,1.1,False,0,44.73
Shoes,Winter,0.0,65.48,4.6,False,0,65.48
Shoes,Spring,0.0,86.1,2.4,False,0,86.1
Bottoms,Winter,0.0,100.14,4.2,False,0,100.14
Outerwear,Winter,0.0,203.4,1.8,False,0,203.4
Tops,Winter,24.4,71.99,2.3,False,0,71.99
Dresses,Fall,31.6,118.93,3.2,False,0,118.93
Dresses,Winter,0.0,160.05,4.0,False,0,160.05
Tops,Winter,0.0,59.53,1.5,False,0,59.53
Dresses,Fall,0.0,155.32,4.1,False,0,155.32
Bottoms,Spring,41.0,17.49,4.5,True,1,0.0
Outerwear,Winter,23.2,182.42,2.2,False,0,182.42
Outerwear,Summer,0.0,81.67,3.1,True,1,0.0
Accessories,Spring,29.9,54.45,4.0,True,1,0.0
Tops,Summer,1.0,116.4,3.3,False,0,116.4
Outerwear,Fall,28.3,93.27,2.3,False,0,93.27
Tops,Fall,0.0,63.69,3.0,False,0,63.69
Outerwear,Spring,0.0,135.02,3.4,True,1,0.0
Accessories,Winter,0.0,45.37,1.1,False,0,45.37
Dresses,Summer,5.5,46.63,4.3,False,0,46.63
Shoes,Fall,0.0,117.57,4.8,False,0,117.57
Shoes,Fall,0.0,158.01,2.6,False,0,158.01
Shoes,Summer,25.2,91.28,4.7,False,0,91.28
Bottoms,Fall,0.0,60.97,4.5,False,0,60.97
Accessories,Summer,35.3,41.97,4.2,True,1,0.0
Accessories,Winter,44.0,40.82,3.0,False,0,40.82
Accessories,Winter,0.0,79.48,3.3,False,0,79.48
Shoes,Fall,59.8,49.35,4.0,False,0,49.35
Bottoms,Summer,0.0,79.61,3.7,False,0,79.61
Accessories,Winter,41.0,42.63,3.5,False,0,42.63
Bottoms,Summer,17.0,55.1,4.9,True,1,0.0
Outerwear,Spring,0.0,100.27,3.1,False,0,100.27
Outerwear,Fall,0.9,79.98,1.1,False,0,79.98
Dresses,Summer,0.0,175.11,2.9,False,0,175.11
Shoes,Winter,0.0,127.99,2.7,False,0,127.99
Bottoms,Summer,4.6,96.42,4.7,False,0,96.42
Bottoms,Winter,44.1,23.38,2.4,False,0,23.38
Shoes,Spring,0.0,147.52,4.0,False,0,147.52
Tops,Fall,0.0,85.94,1.5,False,0,85.94
Dresses,Winter,0.0,115.61,1.8,False,0,115.61
Outerwear,Winter,0.0,90.58,1.0,False,0,90.58
Tops,Spring,0.0,64.84,3.9,False,0,64.84
Bottoms,Summer,0.0,37.27,2.8,True,1,0.0
Tops,Summer,55.2,40.54,3.0,False,0,40.54
Shoes,Summer,58.4,66.4,1.1,False,0,66.4
Shoes,Summer,58.8,33.56,4.6,False,0,33.56
Shoes,Winter,0.0,93.63,4.1,False,0,93.63
Tops,Summer,0.0,95.55,4.7,False,0,95.55
Outerwear,Winter,0.0,146.45,3.4,False,0,146.45
Shoes,Spring,0.0,96.9,4.3,False,0,96.9
Tops,Fall,0.0,71.83,4.5,False,0,71.83
Tops,Summer,0.0,29.17,1.6,False,0,29.17
Tops,Spring,43.6,17.65,4.4,False,0,17.65
Accessories,Fall,0.0,73.57,1.1,False,0,73.57
Accessories,Spring,0.0,79.04,4.7,False,0,79.04
Dresses,Spring,29.2,89.36,1.1,False,0,89.36
Shoes,Fall,0.0,71.46,3.1,False,0,71.46
Bottoms,Fall,20.9,22.24,2.3,False,0,22.24
Tops,Spring,0.0,29.12,2.7,False,0,29.12
Outerwear,Spring,0.0,248.05,4.6,False,0,248.05
Bottoms,Fall,40.6,64.5,1.3,False,0,64.5
Outerwear,Summer,0.0,124.13,5.0,False,0,124.13
Accessories,Spring,1.8,61.09,2.3,False,0,61.09
Tops,Spring,0.0,88.77,4.8,False,0,88.77
Bottoms,Fall,0.0,114.29,3.2,False,0,114.29
Shoes,Fall,25.8,77.92,3.2,False,0,77.92
Tops,Spring,0.0,38.56,1.5,False,0,38.56
Shoes,Winter,0.0,64.94,4.5,False,0,64.94
Bottoms,Winter,56.8,27.54,4.0,False,0,27.54
Tops,Summer,11.1,59.77,1.1,True,1,0.0
Accessories,Spring,40.4,16.21,4.3,False,0,16.21
Tops,Spring,0.0,75.84,4.1,False,0,75.84
Dresses,Winter,0.0,68.51,2.6,False,0,68.51
Accessories,Summer,0.0,25.49,2.2,True,1,0.0
Tops,Fall,0.0,70.88,2.3,False,0,70.88
Shoes,Summer,8.8,161.1,1.7,False,0,161.1
Dresses,Winter,0.0,50.76,4.3,False,0,50.76
Shoes,Fall,0.0,155.85,3.5,False,0,155.85
Dresses,Spring,0.0,48.04,3.2,False,0,48.04
Tops,Spring,0.0,44.79,3.6,False,0,44.79
Tops,Spring,0.0,76.95,2.5,False,0,76.95
Accessories,Summer,49.9,18.0,4.0,False,0,18.0
Bottoms,Fall,0.0,49.97,3.5,True,1,0.0
Outerwear,Summer,0.0,169.69,1.9,False,0,169.69
Tops,Summer,0.0,110.81,2.4,False,0,110.81
Accessories,Fall,0.0,61.84,4.7,True,1,0.0
Outerwear,Spring,14.9,161.72,4.1,False,0,161.72
Bottoms,Fall,0.0,74.27,1.3,False,0,74.27
Accessories,Winter,0.0,42.28,1.9,False,0,42.28
Accessories,Spring,6.2,38.04,3.7,True,1,0.0
Shoes,Summer,0.0,129.76,2.9,False,0,129.76
Tops,Fall,0.0,63.39,2.5,False,0,63.39
Shoes,Fall,1.3,189.44,1.2,False,0,189.44
Accessories,Spring,0.0,63.42,2.9,True,1,0.0
Tops,Winter,0.0,35.26,2.3,False,0,35.26
Accessories,Spring,0.0,44.5,3.6,False,0,44.5
Shoes,Spring,43.4,105.72,2.5,True,1,0.0
Accessories,Winter,0.0,23.2,2.1,False,0,23.2
Accessories,Summer,0.0,51.33,1.2,False,0,51.33
Outerwear,Fall,0.0,237.65,3.4,False,0,237.65
Bottoms,Spring,0.0,96.35,3.7,False,0,96.35
Shoes,Fall,0.0,194.05,1.3,False,0,194.05
Outerwear,Summer,0.0,166.88,1.6,False,0,166.88
Bottoms,Winter,0.0,47.01,1.6,False,0,47.01
Shoes,Winter,20.3,95.57,3.8,False,0,95.57
Accessories,Fall,54.2,33.77,4.1,False,0,33.77
Bottoms,Fall,0.0,108.65,2.4,False,0,108.65
Shoes,Summer,0.0,186.53,2.6,False,0,186.53
Accessories,Winter,0.0,61.16,2.3,False,0,61.16
Shoes,Winter,35.3,109.25,3.3,False,0,109.25
Accessories,Summer,29.8,27.65,4.7,False,0,27.65
Tops,Fall,0.0,111.09,2.2,False,0,111.09
Dresses,Summer,0.0,133.51,1.7,True,1,0.0
Tops,Spring,19.0,52.87,3.0,False,0,52.87
Accessories,Fall,0.0,72.37,2.9,False,0,72.37
Dresses,Fall,21.5,105.1,3.1,False,0,105.1
Tops,Spring,0.0,74.3,4.4,False,0,74.3
Shoes,Summer,47.5,101.19,2.8,False,0,101.19
Accessories,Summer,2.5,77.04,2.8,False,0,77.04
Shoes,Winter,0.0,158.29,1.6,False,0,158.29
Tops,Winter,0.0,69.33,4.9,False,0,69.33
Shoes,Winter,19.5,69.95,1.3,False,0,69.95
Outerwear,Fall,0.0,162.75,4.8,False,0,162.75
Shoes,Summer,0.0,70.28,4.7,False,0,70.28
Bottoms,Spring,0.0,111.91,1.8,False,0,111.91
Outerwear,Fall,0.0,143.76,2.0,False,0,143.76
Dresses,Summer,0.0,169.89,1.3,False,0,169.89
Outerwear,Winter,10.2,122.31,3.6,False,0,122.31
Tops,Summer,0.0,92.5,2.7,False,0,92.5
Shoes,Winter,0.0,89.5,4.5,False,0,89.5
Outerwear,Spring,0.0,161.51,4.7,False,0,161.51
Accessories,Winter,0.0,38.12,4.4,True,1,0.0
Dresses,Summer,0.0,100.08,4.8,False,0,100.08
Dresses,Fall,0.0,161.79,3.9,False,0,161.79
Bottoms,Fall,0.0,46.42,3.7,True,1,0.0
Shoes,Spring,44.3,111.03,1.8,False,0,111.03
Bottoms,Summer,0.0,25.77,3.1,False,0,25.77
Shoes,Winter,0.0,180.67,4.4,False,0,180.67
Shoes,Spring,46.1,106.79,3.2,False,0,106.79
Dresses,Summer,5.3,152.97,3.7,False,0,152.97
Bottoms,Spring,0.0,25.97,1.2,False,0,25.97
Tops,Summer,39.9,51.09,3.0,False,0,51.09
Accessories,Summer,10.9,66.85,1.2,False,0,66.85
Shoes,Summer,12.3,124.53,3.3,False,0,124.53
Dresses,Fall,0.0,125.46,1.1,False,0,125.46
Accessories,Fall,47.3,41.24,4.0,False,0,41.24
Accessories,Spring,0.0,52.97,4.6,False,0,52.97
Accessories,Winter,0.0,69.48,3.4,False,0,69.48
Outerwear,Summer,0.0,177.82,1.1,False,0,177.82
Shoes,Winter,0.0,142.71,1.0,False,0,142.71
Bottoms,Spring,0.0,105.21,4.9,False,0,105.21
Accessories,Fall,49.8,32.68,4.9,False,0,32.68
Outerwear,Winter,0.0,167.39,1.8,False,0,167.39
Accessories,Winter,0.0,49.89,2.4,False,0,49.89
Outerwear,Fall,0.0,218.06,4.0,False,0,218.06
Bottoms,Summer,21.8,52.11,3.5,True,1,0.0
Outerwear,Fall,40.9,73.69,4.1,False,0,73.69
Tops,Summer,48.2,14.63,4.5,False,0,14.63
Accessories,Summer,53.9,35.22,1.5,False,0,35.22
Bottoms,Winter,0.0,96.82,1.1,False,0,96.82
Dresses,Summer,52.3,82.01,2.2,False,0,82.01
Tops,Spring,0.0,70.48,1.2,False,0,70.48
Outerwear,Spring,0.0,203.02,3.5,True,1,0.0
Dresses,Fall,11.2,102.47,3.8,False,0,102.47
Accessories,Spring,49.8,14.01,2.6,False,0,14.01
Accessories,Winter,0.0,79.69,1.6,False,0,79.69
Bottoms,Fall,0.0,47.22,1.9,False,0,47.22
Shoes,Fall,14.9,146.6,3.7,False,0,146.6
Accessories,Winter,0.0,27.9,3.0,True,1,0.0
Dresses,Spring,0.0,139.26,3.4,False,0,139.26
Accessories,Summer,0.0,30.47,4.2,False,0,30.47
Outerwear,Fall,39.8,85.2,3.5,False,0,85.2
Dresses,Spring,24.4,35.87,2.8,False,0,35.87
Outerwear,Summer,0.0,105.3,3.0,False,0,105.3
Dresses,Winter,0.0,126.76,2.2,False,0,126.76
Tops,Winter,0.0,35.41,4.3,True,1,0.0
Outerwear,Winter,0.0,80.04,2.3,False,0,80.04
Bottoms,Fall,0.0,68.16,2.7,False,0,68.16
Tops,Spring,0.0,59.8,2.2,True,1,0.0
Accessories,Fall,0.0,75.83,2.0,False,0,75.83
Shoes,Winter,45.2,104.4,1.1,False,0,104.4
Shoes,Summer,8.9,72.51,4.6,True,1,0.0
Bottoms,Spring,0.0,84.8,4.6,False,0,84.8
Outerwear,Spring,0.0,229.17,2.0,False,0,229.17
Dresses,Winter,0.0,103.9,4.4,False,0,103.9
Outerwear,Spring,0.0,228.46,2.5,True,1,0.0
Accessories,Summer,29.2,31.4,4.9,False,0,31.4
Bottoms,Spring,54.7,13.03,4.4,True,1,0.0
Outerwear,Spring,36.6,100.39,4.5,False,0,100.39
Accessories,Spring,12.0,34.36,3.1,False,0,34.36
Tops,Spring,12.2,46.06,2.3,False,0,46.06
Bottoms,Spring,34.4,46.12,3.1,False,0,46.12
Outerwear,Summer,0.0,123.27,2.8,False,0,123.27
Outerwear,Summer,16.5,180.21,2.4,False,0,180.21
Tops,Winter,0.0,33.46,3.6,False,0,33.46
Bottoms,Spring,53.9,17.15,3.8,False,0,17.15
Bottoms,Winter,48.9,39.28,1.2,False,0,39.28
Outerwear,Winter,0.0,208.57,3.6,False,0,208.57
Dresses,Spring,15.8,110.89,1.4,True,1,0.0
Bottoms,Summer,0.0,117.21,3.2,False,0,117.21
Accessories,Summer,48.8,11.78,3.6,False,0,11.78
Accessories,Summer,0.0,47.6,4.4,True,1,0.0
Bottoms,Fall,38.4,20.46,2.9,False,0,20.46
Accessories,Winter,6.8,61.48,4.3,False,0,61.48
Tops,Spring,29.0,33.55,5.0,False,0,33.55
Tops,Spring,0.0,93.74,4.0,False,0,93.74
Bottoms,Winter,0.0,64.21,2.8,False,0,64.21
Accessories,Winter,8.1,51.58,3.8,False,0,51.58
Tops,Summer,0.0,70.89,4.7,True,1,0.0
Shoes,Winter,0.0,149.65,3.8,False,0,149.65
Shoes,Spring,0.0,83.17,3.2,False,0,83.17
Outerwear,Fall,0.0,121.56,3.3,False,0,121.56
Dresses,Winter,0.0,79.04,4.1,False,0,79.04
Outerwear,Summer,0.0,109.82,2.3,False,0,109.82
Accessories,Summer,49.5,17.38,2.2,False,0,17.38
Shoes,Winter,0.0,112.1,2.0,True,1,0.0
Bottoms,Fall,0.0,25.07,2.5,False,0,25.07
Dresses,Spring,0.0,170.38,4.3,False,0,170.38
Dresses,Winter,0.0,77.32,2.2,True,1,0.0
Shoes,Winter,0.0,111.88,4.6,False,0,111.88
Tops,Spring,0.0,61.42,3.5,False,0,61.42
Accessories,Fall,7.3,56.06,3.6,False,0,56.06
Bottoms,Spring,0.0,30.51,1.2,False,0,30.51
Dresses,Winter,40.3,39.13,1.2,False,0,39.13
Shoes,Summer,43.2,64.96,1.4,False,0,64.96
Dresses,Spring,0.0,145.8,4.0,False,0,145.8
Shoes,Summer,44.1,67.88,4.4,False,0,67.88
Shoes,Summer,0.0,94.49,1.5,False,0,94.49
Outerwear,Fall,11.9,70.84,1.5,False,0,70.84
Shoes,Winter,0.0,183.3,2.0,False,0,183.3
Outerwear,Fall,0.0,241.81,3.5,False,0,241.81
Outerwear,Spring,28.8,154.12,1.3,False,0,154.12
Dresses,Spring,53.6,29.26,1.5,True,1,0.0
Accessories,Spring,0.0,44.7,3.2,False,0,44.7
Tops,Fall,40.3,16.85,2.7,False,0,16.85
Shoes,Fall,27.3,95.92,2.8,True,1,0.0
Outerwear,Fall,30.9,115.29,4.2,True,1,0.0
Tops,Winter,30.9,27.35,2.5,False,0,27.35
Outerwear,Summer,58.0,37.61,2.6,False,0,37.61
Outerwear,Fall,0.0,138.55,2.0,False,0,138.55
Accessories,Fall,0.0,43.84,2.8,False,0,43.84
Tops,Fall,17.8,52.38,2.4,False,0,52.38
Accessories,Spring,0.0,74.61,2.8,False,0,74.61
Shoes,Spring,10.9,132.08,1.3,False,0,132.08
Tops,Spring,0.0,93.46,2.2,False,0,93.46
Tops,Spring,45.9,23.47,3.7,True,1,0.0
Accessories,Fall,45.5,21.82,2.2,False,0,21.82
Outerwear,Fall,3.6,202.13,4.1,False,0,202.13
Accessories,Winter,0.0,38.08,1.6,False,0,38.08
Outerwear,Spring,0.0,123.04,1.2,False,0,123.04
Accessories,Summer,0.0,39.94,3.1,False,0,39.94
Dresses,Summer,0.0,80.19,3.8,False,0,80.19
Tops,Spring,10.1,31.49,3.8,False,0,31.49
Tops,Summer,29.0,19.62,1.0,False,0,19.62
Outerwear,Spring,0.0,187.63,1.8,False,0,187.63
Shoes,Spring,40.2,94.35,3.1,False,0,94.35
Shoes,Winter,7.8,109.85,3.1,False,0,109.85
Dresses,Winter,4.8,142.88,1.7,False,0,142.88
Dresses,Summer,0.0,153.18,1.1,False,0,153.18
Tops,Winter,47.7,62.07,2.8,False,0,62.07
Accessories,Spring,0.0,50.12,2.4,False,0,50.12
Tops,Summer,0.0,50.49,4.1,False,0,50.49
Shoes,Summer,0.0,97.9,1.3,False,0,97.9
Tops,Summer,0.0,69.0,4.5,False,0,69.0
Tops,Fall,0.0,116.48,1.5,False,0,116.48
Tops,Summer,0.0,40.68,1.1,True,1,0.0
Outerwear,Summer,0.0,118.92,1.8,True,1,0.0
Bottoms,Summer,0.0,26.86,3.2,False,0,26.86
Tops,Summer,8.9,36.91,2.5,False,0,36.91
Bottoms,Summer,0.0,98.41,4.6,False,0,98.41
Bottoms,Winter,0.0,83.18,1.7,True,1,0.0
Shoes,Spring,24.1,136.1,3.1,False,0,136.1
Tops,Spring,0.0,47.88,1.9,False,0,47.88
Outerwear,Winter,0.0,89.26,3.8,False,0,89.26
Shoes,Summer,59.7,68.31,1.8,False,0,68.31
Bottoms,Fall,0.0,103.77,4.4,False,0,103.77
Accessories,Fall,0.0,42.96,1.1,False,0,42.96
Dresses,Fall,0.0,126.11,3.5,False,0,126.11
Accessories,Summer,0.0,43.83,2.5,False,0,43.83
Shoes,Fall,0.0,94.1,1.4,False,0,94.1
Shoes,Fall,0.0,151.27,4.0,True,1,0.0
Shoes,Summer,0.0,185.96,1.3,False,0,185.96
Dresses,Fall,0.0,113.05,2.0,False,0,113.05
Tops,Summer,34.7,72.42,2.5,False,0,72.42
Tops,Summer,0.0,29.04,5.0,False,0,29.04
Shoes,Spring,51.5,79.77,3.4,False,0,79.77
Bottoms,Winter,49.4,26.57,3.5,True,1,0.0
Tops,Spring,27.5,41.37,1.8,False,0,41.37
Dresses,Winter,0.0,158.24,3.1,False,0,158.24
Outerwear,Fall,0.0,153.46,1.7,False,0,153.46
Accessories,Spring,0.0,54.92,3.1,False,0,54.92
Accessories,Spring,19.2,26.02,4.3,False,0,26.02
Accessories,Fall,29.1,47.14,1.3,False,0,47.14
Accessories,Fall,19.2,43.88,1.8,False,0,43.88
Accessories,Summer,0.0,19.68,1.5,True,1,0.0
Tops,Spring,24.3,79.63,5.0,False,0,79.63
Accessories,Summer,19.6,16.32,2.9,True,1,0.0
Bottoms,Summer,19.6,84.72,4.3,False,0,84.72
Dresses,Winter,0.0,156.24,5.0,False,0,156.24
Shoes,Winter,5.7,152.95,1.4,False,0,152.95
Tops,Spring,7.1,70.41,3.3,False,0,70.41
Accessories,Summer,0.0,32.04,1.8,False,0,32.04
Tops,Fall,31.8,18.86,3.7,True,1,0.0
Bottoms,Spring,0.0,31.54,1.3,False,0,31.54
Bottoms,Summer,39.1,47.28,2.6,False,0,47.28
Dresses,Winter,0.0,51.48,1.0,False,0,51.48
Outerwear,Fall,0.0,108.58,2.4,False,0,108.58
Tops,Winter,0.0,84.17,3.7,False,0,84.17
Bottoms,Spring,0.0,76.45,1.0,True,1,0.0
Tops,Spring,0.0,43.45,2.3,False,0,43.45
Dresses,Fall,53.9,68.79,2.2,False,0,68.79
Bottoms,Summer,31.7,32.95,3.7,False,0,32.95
Bottoms,Summer,21.7,51.89,2.5,True,1,0.0
Shoes,Fall,0.0,82.65,4.1,False,0,82.65
Bottoms,Winter,0.0,42.36,1.4,False,0,42.36
Bottoms,Summer,0.0,109.36,1.7,False,0,109.36
Accessories,Winter,0.0,59.98,2.2,False,0,59.98
Dresses,Spring,0.0,111.81,1.1,False,0,111.81
Bottoms,Winter,0.0,70.78,3.4,True,1,0.0
Accessories,Winter,58.5,31.59,1.6,False,0,31.59
Bottoms,Fall,41.5,41.59,3.1,False,0,41.59
Bottoms,Fall,55.9,23.66,2.5,False,0,23.66
Shoes,Fall,59.7,44.41,3.5,True,1,0.0
Dresses,Spring,24.8,76.02,4.5,True,1,0.0
Accessories,Spring,0.0,75.48,1.4,False,0,75.48
Shoes,Summer,6.4,149.71,3.0,False,0,149.71
Dresses,Summer,0.0,61.9,4.4,False,0,61.9
Tops,Fall,12.3,55.65,4.9,False,0,55.65
Tops,Summer,46.7,23.04,1.3,False,0,23.04
Shoes,Winter,26.8,47.32,4.7,False,0,47.32
Shoes,Spring,56.0,52.21,3.5,False,0,52.21
Dresses,Spring,0.0,169.32,2.2,False,0,169.32
Shoes,Fall,0.0,139.91,3.7,False,0,139.91
Bottoms,Summer,0.0,101.73,4.7,False,0,101.73
Tops,Summer,0.0,105.85,2.1,False,0,105.85
Tops,Spring,0.0,105.37,1.2,False,0,105.37
Shoes,Spring,14.3,141.29,2.3,False,0,141.29
Shoes,Fall,5.9,154.21,2.6,False,0,154.21
Bottoms,Fall,5.3,34.6,2.5,False,0,34.6
Dresses,Spring,0.0,99.97,1.4,False,0,99.97
Outerwear,Fall,0.0,208.93,2.3,False,0,208.93
Bottoms,Spring,50.0,34.23,1.9,False,0,34.23
Accessories,Winter,50.0,15.13,1.4,False,0,15.13
Outerwear,Summer,30.9,128.98,1.0,False,0,128.98
Tops,Winter,48.1,40.51,2.9,True,1,0.0
Shoes,Summer,0.0,121.33,4.2,False,0,121.33
Dresses,Fall,0.0,78.09,2.0,False,0,78.09
Tops,Fall,0.0,109.19,4.5,False,0,109.19
Shoes,Winter,0.0,126.74,2.9,False,0,126.74
Shoes,Spring,0.0,95.85,5.0,False,0,95.85
Shoes,Spring,40.0,87.74,2.6,True,1,0.0
Bottoms,Winter,16.1,96.96,3.1,True,1,0.0
Dresses,Spring,23.1,46.42,4.8,False,0,46.42
Shoes,Winter,57.1,35.69,3.3,False,0,35.69
Bottoms,Fall,0.0,61.1,4.6,False,0,61.1
Bottoms,Fall,29.6,20.48,4.8,False,0,20.48
Dresses,Fall,0.0,179.71,3.9,False,0,179.71
Accessories,Summer,39.4,31.97,1.4,False,0,31.97
Accessories,Spring,0.0,67.9,1.3,False,0,67.9
Accessories,Fall,40.8,27.69,2.6,False,0,27.69
Tops,Winter,0.0,91.6,2.7,False,0,91.6
Outerwear,Spring,4.2,220.71,3.5,False,0,220.71
Shoes,Winter,32.7,54.69,3.3,False,0,54.69
Accessories,Fall,18.0,46.91,2.5,False,0,46.91
Dresses,Summer,0.0,69.54,3.2,True,1,0.0
Dresses,Summer,55.9,45.3,4.6,False,0,45.3
Shoes,Summer,0.0,117.82,4.9,False,0,117.82
Accessories,Spring,0.0,61.01,3.4,False,0,61.01
Outerwear,Winter,0.0,222.01,2.1,False,0,222.01
Outerwear,Summer,0.0,123.55,1.2,False,0,123.55
Accessories,Fall,0.0,24.65,1.1,False,0,24.65
Outerwear,Fall,0.0,168.8,1.0,False,0,168.8
Tops,Fall,40.1,23.46,2.8,False,0,23.46
Bottoms,Fall,0.0,74.76,4.4,True,1,0.0
Accessories,Winter,0.0,37.0,4.9,False,0,37.0
Accessories,Winter,0.0,67.38,1.6,False,0,67.38
Bottoms,Summer,1.4,76.36,3.3,False,0,76.36
Outerwear,Summer,0.0,215.06,1.6,False,0,215.06
Outerwear,Winter,0.0,141.44,2.4,False,0,141.44
Dresses,Spring,0.0,151.83,4.3,True,1,0.0
Outerwear,Winter,0.0,140.07,2.7,False,0,140.07
Dresses,Summer,28.9,67.02,3.6,False,0,67.02
Accessories,Winter,27.3,40.56,4.9,False,0,40.56
Accessories,Winter,0.0,58.99,2.7,False,0,58.99
Bottoms,Summer,0.0,61.96,3.9,False,0,61.96
Bottoms,Fall,0.0,104.25,3.1,False,0,104.25
Outerwear,Winter,0.0,102.68,1.9,False,0,102.68
Shoes,Fall,0.0,115.09,2.5,False,0,115.09
Accessories,Summer,0.0,73.75,4.5,False,0,73.75
Accessories,Winter,0.0,66.77,5.0,True,1,0.0
Tops,Fall,0.0,63.92,4.4,False,0,63.92
Accessories,Spring,8.8,57.07,1.7,False,0,57.07
Shoes,Summer,0.0,143.88,3.1,False,0,143.88
Outerwear,Spring,1.2,223.53,4.5,False,0,223.53
Shoes,Spring,0.0,164.75,3.7,False,0,164.75
Bottoms,Summer,0.0,56.14,4.3,False,0,56.14
Bottoms,Summer,57.9,11.16,1.7,False,0,11.16
Shoes,Spring,55.0,53.34,4.9,False,0,53.34
Dresses,Summer,0.0,58.08,1.6,False,0,58.08
Bottoms,Summer,0.0,73.33,3.1,True,1,0.0
Outerwear,Winter,0.0,167.73,4.9,False,0,167.73
Tops,Winter,0.0,79.47,3.7,False,0,79.47
Dresses,Summer,49.4,34.97,2.3,False,0,34.97
Bottoms,Summer,6.7,52.42,2.6,True,1,0.0
Tops,Winter,48.3,26.51,1.1,True,1,0.0
Outerwear,Spring,16.8,92.96,1.2,False,0,92.96
Bottoms,Fall,19.9,39.31,1.0,True,1,0.0
Outerwear,Summer,5.9,226.99,1.2,False,0,226.99
Dresses,Spring,0.0,78.3,3.0,False,0,78.3
Bottoms,Summer,0.0,97.5,1.6,False,0,97.5
Tops,Summer,0.0,38.9,5.0,False,0,38.9
Shoes,Summer,0.0,95.52,3.9,False,0,95.52
Outerwear,Fall,50.2,79.0,3.0,True,1,0.0
Tops,Fall,0.0,26.11,4.3,False,0,26.11
Shoes,Spring,43.1,60.93,4.7,True,1,0.0
Accessories,Summer,38.0,44.28,2.8,False,0,44.28
Shoes,Summer,0.0,124.56,3.0,False,0,124.56
Bottoms,Summer,0.0,30.91,1.8,False,0,30.91
Tops,Winter,0.0,53.37,1.1,False,0,53.37
Dresses,Fall,0.0,169.64,1.6,False,0,169.64
Accessories,Summer,0.0,59.94,4.0,False,0,59.94
Dresses,Fall,0.0,92.59,3.5,True,1,0.0
Dresses,Fall,54.6,58.05,4.4,False,0,58.05
Bottoms,Summer,43.0,22.98,3.5,True,1,0.0
Bottoms,Winter,0.0,28.62,4.0,False,0,28.62
Tops,Summer,7.4,92.28,3.8,False,0,92.28
Dresses,Winter,0.0,128.55,3.7,False,0,128.55
Bottoms,Spring,56.3,34.13,1.3,False,0,34.13
Bottoms,Summer,0.0,108.89,2.9,False,0,108.89
Bottoms,Spring,14.7,30.03,3.1,True,1,0.0
Dresses,Summer,34.0,85.25,1.7,False,0,85.25
Dresses,Summer,0.0,142.43,4.1,True,1,0.0
Accessories,Spring,0.0,45.19,1.6,True,1,0.0
Bottoms,Fall,0.0,47.66,4.8,True,1,0.0
Bottoms,Summer,40.0,69.03,3.1,False,0,69.03
Bottoms,Summer,0.0,87.84,1.3,False,0,87.84
Shoes,Fall,21.6,142.36,4.7,False,0,142.36
Tops,Spring,0.0,71.68,1.5,False,0,71.68
Tops,Winter,0.0,25.63,1.2,False,0,25.63
Tops,Winter,48.5,16.14,1.6,True,1,0.0
Accessories,Winter,7.8,39.95,1.3,False,0,39.95
Shoes,Summer,0.0,70.71,2.3,False,0,70.71
Outerwear,Winter,38.1,133.7,3.9,False,0,133.7
Dresses,Winter,5.1,138.15,4.4,False,0,138.15
Shoes,Fall,0.0,195.03,4.4,False,0,195.03
Bottoms,Winter,9.7,67.62,2.6,False,0,67.62
Tops,Spring,0.0,50.3,1.3,False,0,50.3
Outerwear,Summer,0.0,130.65,2.6,False,0,130.65
Dresses,Spring,40.3,56.45,4.7,False,0,56.45
Outerwear,Spring,10.2,124.8,1.4,False,0,124.8
Accessories,Winter,0.0,52.57,2.5,True,1,0.0
Outerwear,Spring,0.0,151.62,3.5,False,0,151.62
Accessories,Spring,0.0,26.7,3.1,False,0,26.7
Outerwear,Summer,0.0,147.5,2.4,False,0,147.5
Tops,Fall,2.7,64.22,4.4,False,0,64.22
Shoes,Summer,0.0,195.83,2.1,False,0,195.83
Bottoms,Winter,58.1,31.65,4.0,False,0,31.65
Tops,Spring,0.0,30.78,3.9,False,0,30.78
Shoes,Winter,0.0,150.96,4.6,False,0,150.96
Bottoms,Summer,18.1,48.3,2.8,False,0,48.3
Outerwear,Spring,0.0,155.75,2.4,False,0,155.75
Shoes,Winter,16.2,162.91,1.5,False,0,162.91
Shoes,Fall,0.0,169.77,4.4,False,0,169.77
Accessories,Winter,27.3,30.19,3.4,False,0,30.19
Bottoms,Winter,0.0,29.5,2.6,False,0,29.5
Outerwear,Spring,2.7,218.41,3.5,False,0,218.41
Bottoms,Summer,7.8,93.54,1.1,False,0,93.54
Shoes,Spring,0.0,84.65,3.6,False,0,84.65
Tops,Winter,0.0,89.62,4.6,True,1,0.0
Tops,Summer,37.7,39.12,2.6,False,0,39.12
Tops,Fall,0.0,50.9,1.8,False,0,50.9
Accessories,Winter,0.0,31.23,2.8,False,0,31.23
Tops,Spring,0.0,105.1,4.4,False,0,105.1
Dresses,Summer,0.0,160.38,2.7,True,1,0.0
Accessories,Summer,0.0,16.64,4.8,False,0,16.64
Outerwear,Fall,53.7,74.1,3.2,True,1,0.0
Accessories,Fall,0.0,23.56,4.4,False,0,23.56
Shoes,Fall,24.2,51.82,3.7,False,0,51.82
Outerwear,Fall,0.0,184.24,4.0,False,0,184.24
Shoes,Spring,0.0,94.83,2.9,False,0,94.83
Tops,Summer,0.0,115.58,2.2,False,0,115.58
Outerwear,Winter,58.7,48.03,3.3,False,0,48.03
Accessories,Summer,0.0,24.55,2.3,False,0,24.55
Dresses,Spring,0.0,81.56,3.0,False,0,81.56
Outerwear,Spring,0.0,234.63,4.3,False,0,234.63
Accessories,Fall,0.0,27.6,2.8,False,0,27.6
Tops,Fall,24.3,86.87,3.4,False,0,86.87
Tops,Winter,59.3,26.19,1.2,False,0,26.19
Bottoms,Fall,0.0,117.81,4.9,False,0,117.81
Accessories,Spring,0.0,29.19,1.9,False,0,29.19
Dresses,Fall,0.0,107.49,3.3,False,0,107.49
Bottoms,Winter,0.0,38.7,4.0,False,0,38.7
Outerwear,Spring,0.0,152.64,4.1,False,0,152.64
Outerwear,Fall,56.4,79.2,1.2,False,0,79.2
Tops,Spring,17.4,94.82,1.8,False,0,94.82
Shoes,Winter,0.0,102.95,3.8,False,0,102.95
Tops,Winter,0.0,86.82,4.8,False,0,86.82
Outerwear,Fall,50.7,82.48,3.2,False,0,82.48
Bottoms,Fall,5.1,108.79,2.0,False,0,108.79
Outerwear,Spring,29.3,77.44,1.3,False,0,77.44
Shoes,Fall,52.8,36.56,2.7,False,0,36.56
Shoes,Fall,45.4,78.01,1.7,False,0,78.01
Outerwear,Winter,0.0,138.87,3.2,False,0,138.87
Bottoms,Summer,0.0,29.07,2.8,False,0,29.07
Outerwear,Summer,0.0,141.92,1.7,False,0,141.92
Shoes,Summer,0.0,67.84,1.2,False,0,67.84
Accessories,Winter,0.0,20.97,4.6,False,0,20.97
Shoes,Spring,0.0,184.7,2.1,True,1,0.0
Shoes,Spring,32.0,55.4,1.1,False,0,55.4
Outerwear,Winter,20.3,85.81,4.3,False,0,85.81
Accessories,Winter,14.4,14.98,3.1,False,0,14.98
Outerwear,Winter,0.0,205.37,2.0,True,1,0.0
Dresses,Winter,0.0,111.66,1.4,False,0,111.66
Shoes,Summer,56.4,80.6,3.7,False,0,80.6
Bottoms,Spring,0.0,84.58,4.5,False,0,84.58
Bottoms,Summer,0.0,66.74,4.6,False,0,66.74
Shoes,Summer,0.0,104.19,4.7,False,0,104.19
Outerwear,Summer,0.0,216.73,2.7,True,1,0.0
Dresses,Summer,0.0,87.82,4.2,False,0,87.82
Shoes,Summer,0.0,81.59,2.5,False,0,81.59
Outerwear,Summer,32.8,62.59,4.5,False,0,62.59
Bottoms,Spring,0.0,96.73,4.8,False,0,96.73
Shoes,Spring,31.1,78.46,3.1,False,0,78.46
Dresses,Spring,0.0,90.32,2.8,False,0,90.32
Dresses,Spring,0.0,171.92,1.3,False,0,171.92
Accessories,Summer,0.0,35.6,3.1,False,0,35.6
Bottoms,Summer,0.0,29.7,2.7,False,0,29.7
Outerwear,Winter,0.0,239.65,2.9,False,0,239.65
Dresses,Winter,10.0,73.6,1.2,False,0,73.6
Outerwear,Winter,0.0,142.55,4.5,False,0,142.55
Dresses,Fall,0.0,53.13,4.6,False,0,53.13
Bottoms,Summer,0.0,80.81,4.6,False,0,80.81
Tops,Fall,0.0,89.39,4.2,False,0,89.39
Bottoms,Summer,37.9,23.54,1.3,False,0,23.54
Accessories,Spring,0.0,44.49,2.1,False,0,44.49
Tops,Spring,0.0,109.76,2.0,True,1,0.0
Accessories,Fall,0.0,33.0,4.0,False,0,33.0
Shoes,Winter,8.9,137.24,3.4,False,0,137.24
Bottoms,Fall,19.0,53.74,1.9,False,0,53.74
Bottoms,Spring,17.4,23.04,2.1,False,0,23.04
Accessories,Summer,0.0,60.18,1.4,False,0,60.18
Tops,Fall,18.4,44.28,2.6,False,0,44.28
Outerwear,Fall,0.0,183.05,4.6,False,0,183.05
Shoes,Spring,0.0,76.3,2.6,False,0,76.3
Tops,Spring,0.0,84.21,3.4,False,0,84.21
Dresses,Spring,45.4,67.06,3.1,False,0,67.06
Dresses,Winter,0.0,103.85,3.1,False,0,103.85
Dresses,Fall,0.0,115.98,3.7,False,0,115.98
Dresses,Fall,0.0,175.43,1.8,True,1,0.0
Outerwear,Spring,0.0,162.81,2.1,False,0,162.81
Dresses,Fall,42.2,47.92,2.1,False,0,47.92
Dresses,Winter,5.7,126.26,3.4,True,1,0.0
Dresses,Winter,0.0,89.1,2.2,False,0,89.1
Dresses,Summer,0.0,154.02,3.3,False,0,154.02
Outerwear,Fall,0.0,215.1,2.5,False,0,215.1
Tops,Fall,0.0,40.28,3.8,False,0,40.28
Accessories,Fall,18.8,21.07,4.0,False,0,21.07
Accessories,Fall,50.7,10.48,4.3,False,0,10.48
Dresses,Spring,0.0,146.07,3.7,False,0,146.07
Dresses,Spring,0.0,135.97,1.1,False,0,135.97
Shoes,Spring,7.4,78.6,3.4,False,0,78.6
Bottoms,Winter,0.0,84.29,2.8,False,0,84.29
Tops,Summer,0.0,38.72,4.0,False,0,38.72
Dresses,Winter,0.0,177.1,1.6,False,0,177.1
Tops,Summer,0.0,118.14,2.4,False,0,118.14
Tops,Spring,24.0,20.15,4.7,False,0,20.15
Tops,Fall,0.0,29.61,1.0,False,0,29.61
Outerwear,Summer,0.0,244.13,3.5,True,1,0.0
Outerwear,Winter,0.0,175.42,3.6,False,0,175.42
Dresses,Spring,20.3,106.12,3.2,False,0,106.12
Dresses,Fall,44.7,52.1,4.3,False,0,52.1
Tops,Winter,0.0,115.44,1.2,False,0,115.44
Outerwear,Spring,26.5,142.88,1.2,False,0,142.88
Accessories,Spring,14.6,44.87,1.4,False,0,44.87
Tops,Fall,0.0,72.78,3.1,False,0,72.78
Shoes,Fall,0.0,189.32,2.5,False,0,189.32
Dresses,Summer,55.7,69.55,2.1,False,0,69.55
Tops,Spring,26.4,21.15,2.3,True,1,0.0
Outerwear,Winter,0.0,144.64,4.5,False,0,144.64
Shoes,Fall,0.0,180.99,4.5,False,0,180.99
Dresses,Fall,0.0,63.46,1.2,False,0,63.46
Shoes,Spring,31.6,72.47,3.5,False,0,72.47
Dresses,Summer,24.5,65.35,3.5,False,0,65.35
Bottoms,Fall,10.8,81.15,2.2,True,1,0.0
Dresses,Winter,48.2,63.41,4.5,False,0,63.41
Shoes,Winter,20.8,102.61,2.9,False,0,102.61
Accessories,Summer,0.0,49.31,3.4,False,0,49.31
Outerwear,Summer,0.0,206.94,3.3,False,0,206.94
Accessories,Summer,12.0,19.23,4.8,False,0,19.23
Shoes,Winter,43.8,98.15,3.3,False,0,98.15
Accessories,Spring,0.0,19.96,1.4,False,0,19.96
Tops,Fall,54.1,41.52,2.5,False,0,41.52
Shoes,Fall,0.0,189.24,3.6,True,1,0.0
Outerwear,Summer,44.6,128.11,3.7,False,0,128.11
Accessories,Fall,0.0,66.48,1.4,False,0,66.48
Accessories,Fall,0.0,37.27,3.8,False,0,37.27
Tops,Spring,0.0,73.76,1.3,False,0,73.76
Bottoms,Spring,0.0,48.89,3.1,False,0,48.89
Accessories,Summer,0.0,27.7,4.8,False,0,27.7
Dresses,Spring,17.0,144.23,1.9,False,0,144.23
Accessories,Summer,0.0,77.45,3.1,False,0,77.45
Bottoms,Winter,0.0,34.16,1.3,False,0,34.16
Accessories,Summer,0.0,71.3,1.6,False,0,71.3
Tops,Summer,0.0,63.67,1.6,False,0,63.67
Outerwear,Fall,0.0,249.98,3.6,False,0,249.98
Shoes,Winter,0.0,102.61,3.5,False,0,102.61
Accessories,Spring,0.0,43.48,4.7,False,0,43.48
Accessories,Winter,0.0,39.9,2.4,True,1,0.0
Bottoms,Spring,36.7,54.44,2.4,True,1,0.0
Shoes,Summer,58.5,64.11,3.2,False,0,64.11
Dresses,Summer,35.3,91.85,2.6,False,0,91.85
Outerwear,Spring,0.0,119.36,2.7,True,1,0.0
Accessories,Summer,47.6,8.23,2.0,False,0,8.23
Bottoms,Fall,0.0,30.43,3.1,False,0,30.43
Dresses,Winter,0.0,115.4,4.5,False,0,115.4
Outerwear,Winter,0.0,155.2,4.8,False,0,155.2
Bottoms,Fall,0.0,104.83,4.0,False,0,104.83
Bottoms,Spring,0.0,94.92,2.3,False,0,94.92
Bottoms,Fall,22.2,83.96,3.7,False,0,83.96
Accessories,Summer,0.0,45.52,1.6,False,0,45.52
Bottoms,Winter,30.7,77.69,1.0,False,0,77.69
Shoes,Spring,0.0,103.9,2.1,False,0,103.9
Outerwear,Winter,0.0,168.02,1.6,True,1,0.0
Shoes,Fall,0.0,80.41,2.8,False,0,80.41
Bottoms,Spring,0.0,102.76,2.2,False,0,102.76
Tops,Fall,0.0,81.2,1.7,False,0,81.2
Accessories,Fall,0.0,68.95,3.6,False,0,68.95
Bottoms,Summer,0.0,43.04,4.8,True,1,0.0
Tops,Spring,0.0,81.82,3.5,False,0,81.82
Accessories,Summer,0.0,53.7,1.4,True,1,0.0
Tops,Summer,0.0,100.11,4.7,False,0,100.11
Accessories,Winter,38.5,14.81,4.1,False,0,14.81
Accessories,Spring,0.0,74.77,2.9,False,0,74.77
Dresses,Spring,0.0,105.98,2.5,True,1,0.0
Shoes,Summer,7.7,75.36,2.6,False,0,75.36
Shoes,Fall,8.3,84.97,3.3,False,0,84.97
Outerwear,Fall,5.8,160.12,2.1,False,0,160.12
Accessories,Winter,51.0,32.4,2.2,False,0,32.4
Dresses,Spring,14.5,119.59,1.3,False,0,119.59
Accessories,Winter,49.9,35.19,4.6,True,1,0.0
Shoes,Winter,39.9,78.07,1.3,False,0,78.07
Bottoms,Spring,0.0,75.78,3.6,False,0,75.78
Bottoms,Winter,0.0,93.41,3.2,True,1,0.0
Tops,Spring,0.0,66.9,2.8,False,0,66.9
Bottoms,Fall,0.0,52.73,4.5,False,0,52.73
Outerwear,Fall,0.0,89.13,4.1,False,0,89.13
Shoes,Winter,0.0,129.0,3.8,True,1,0.0
Shoes,Summer,0.0,160.59,2.9,False,0,160.59
Outerwear,Winter,26.6,80.15,3.9,True,1,0.0
Accessories,Spring,0.0,21.43,1.9,False,0,21.43
Shoes,Winter,0.0,87.11,2.3,False,0,87.11
Accessories,Fall,0.0,36.29,2.8,False,0,36.29
Dresses,Spring,0.0,105.59,4.7,False,0,105.59
Dresses,Fall,0.0,93.5,3.7,False,0,93.5
Accessories,Winter,9.5,37.76,3.9,False,0,37.76
Accessories,Summer,58.1,31.23,4.8,False,0,31.23
Dresses,Spring,0.0,85.49,3.7,False,0,85.49
Dresses,Summer,0.0,131.05,4.9,False,0,131.05
Bottoms,Summer,0.0,63.5,2.6,False,0,63.5
Tops,Fall,0.0,75.54,3.3,False,0,75.54
Tops,Fall,0.0,110.77,2.6,False,0,110.77
Shoes,Summer,6.3,178.7,2.0,False,0,178.7
Tops,Fall,17.3,83.16,3.6,False,0,83.16
Bottoms,Summer,0.0,55.21,1.8,True,1,0.0
Bottoms,Summer,0.0,56.57,4.4,True,1,0.0
Accessories,Spring,0.0,47.74,2.9,False,0,47.74
Dresses,Fall,8.9,139.27,2.2,False,0,139.27
Accessories,Summer,0.0,57.25,5.0,False,0,57.25
Dresses,Fall,55.3,60.08,3.2,False,0,60.08
Bottoms,Fall,43.5,62.96,4.8,False,0,62.96
Accessories,Spring,36.8,9.71,2.3,False,0,9.71
Tops,Fall,51.8,48.21,5.0,False,0,48.21
Bottoms,Winter,15.2,32.21,3.6,False,0,32.21
Dresses,Summer,0.0,154.11,3.1,False,0,154.11
Accessories,Spring,46.9,37.06,3.8,False,0,37.06
Dresses,Winter,0.0,171.16,4.3,False,0,171.16
Outerwear,Summer,0.0,118.57,1.4,True,1,0.0
Dresses,Winter,0.0,118.46,2.3,False,0,118.46
Accessories,Spring,0.0,68.2,3.8,False,0,68.2
Shoes,Spring,0.0,178.56,2.6,False,0,178.56
Accessories,Summer,31.4,20.9,2.4,False,0,20.9
Accessories,Summer,0.0,76.08,4.9,False,0,76.08
Shoes,Winter,16.5,96.99,3.0,False,0,96.99
Shoes,Winter,0.0,98.22,3.3,False,0,98.22
Shoes,Winter,0.0,66.58,3.4,False,0,66.58
Accessories,Spring,0.0,69.22,3.8,False,0,69.22
Tops,Winter,0.0,85.01,4.3,False,0,85.01
Tops,Summer,0.0,31.41,2.1,False,0,31.41
Dresses,Winter,0.0,50.58,3.1,True,1,0.0
Accessories,Winter,54.8,35.88,2.6,False,0,35.88
Bottoms,Summer,0.0,105.52,4.9,True,1,0.0
Shoes,Summer,0.0,154.02,1.3,False,0,154.02
